fila_excel,rang_font,prioritat_excel,url_excel,keyword_excel,idea_excel,categoria,comparacio_16_09,files_excel_16_09,estats_16_09,estat,tractament,motiu,evidencia,pendent
2,SEO Ideas!A2:D2,0.00,https://www.estudidentalcarrera.com/es/atm-bruxismo.html,dolor mandibula lleida,This page has a high bounce rate. Try to analyze and adjust all factors that may be increasing your bounce rate.,UX_rebot,exacta_url_keyword_idea,2,mesurament_millorat_pendent_dades,mesurament_pendent,dades_pendents,"Avís de pàgina repetit per keyword, sense període, mostra, canal ni conversions al fitxer. La instrumentació anterior no demostra millora de rebot o permanència.",docs/seo-excel-2026-09-16/resum.md; docs/seo-onpage-2026-09-16/tracking.md,"Comparar sessions equivalents, consentiment, contactes i primeres visites; cap API d’Analytics consultada per aquesta conciliació."
3,SEO Ideas!A3:D3,0.00,https://www.estudidentalcarrera.com/es/atm-bruxismo.html,dolor mandibula lleida,The amount of time visitors are spending on this page is suspiciously low. Try to adjust all factors that may be causing users to leave too quickly.,UX_permanencia,exacta_url_keyword_idea,3,mesurament_millorat_pendent_dades,mesurament_pendent,dades_pendents,"Avís de pàgina repetit per keyword, sense període, mostra, canal ni conversions al fitxer. La instrumentació anterior no demostra millora de rebot o permanència.",docs/seo-excel-2026-09-16/resum.md; docs/seo-onpage-2026-09-16/tracking.md,"Comparar sessions equivalents, consentiment, contactes i primeres visites; cap API d’Analytics consultada per aquesta conciliació."
4,SEO Ideas!A4:D4,0.00,https://www.estudidentalcarrera.com/es/atm-bruxismo.html,bruxismo lleida,This page has a high bounce rate. Try to analyze and adjust all factors that may be increasing your bounce rate.,UX_rebot,exacta_url_keyword_idea,4,mesurament_millorat_pendent_dades,mesurament_pendent,dades_pendents,"Avís de pàgina repetit per keyword, sense període, mostra, canal ni conversions al fitxer. La instrumentació anterior no demostra millora de rebot o permanència.",docs/seo-excel-2026-09-16/resum.md; docs/seo-onpage-2026-09-16/tracking.md,"Comparar sessions equivalents, consentiment, contactes i primeres visites; cap API d’Analytics consultada per aquesta conciliació."
5,SEO Ideas!A5:D5,0.00,https://www.estudidentalcarrera.com/es/atm-bruxismo.html,bruxismo lleida,The amount of time visitors are spending on this page is suspiciously low. Try to adjust all factors that may be causing users to leave too quickly.,UX_permanencia,exacta_url_keyword_idea,5,mesurament_millorat_pendent_dades,mesurament_pendent,dades_pendents,"Avís de pàgina repetit per keyword, sense període, mostra, canal ni conversions al fitxer. La instrumentació anterior no demostra millora de rebot o permanència.",docs/seo-excel-2026-09-16/resum.md; docs/seo-onpage-2026-09-16/tracking.md,"Comparar sessions equivalents, consentiment, contactes i primeres visites; cap API d’Analytics consultada per aquesta conciliació."
6,SEO Ideas!A6:D6,0.43,https://www.estudidentalcarrera.com/es/dentista-tremp.html,clinica dental tremp,This page has a high bounce rate. Try to analyze and adjust all factors that may be increasing your bounce rate.,UX_rebot,exacta_url_keyword_idea,6,mesurament_millorat_pendent_dades,mesurament_pendent,dades_pendents,"Avís de pàgina repetit per keyword, sense període, mostra, canal ni conversions al fitxer. La instrumentació anterior no demostra millora de rebot o permanència.",docs/seo-excel-2026-09-16/resum.md; docs/seo-onpage-2026-09-16/tracking.md,"Comparar sessions equivalents, consentiment, contactes i primeres visites; cap API d’Analytics consultada per aquesta conciliació."
7,SEO Ideas!A7:D7,0.43,https://www.estudidentalcarrera.com/es/dentista-tremp.html,clinica dental tremp,The amount of time visitors are spending on this page is suspiciously low. Try to adjust all factors that may be causing users to leave too quickly.,UX_permanencia,exacta_url_keyword_idea,7,mesurament_millorat_pendent_dades,mesurament_pendent,dades_pendents,"Avís de pàgina repetit per keyword, sense període, mostra, canal ni conversions al fitxer. La instrumentació anterior no demostra millora de rebot o permanència.",docs/seo-excel-2026-09-16/resum.md; docs/seo-onpage-2026-09-16/tracking.md,"Comparar sessions equivalents, consentiment, contactes i primeres visites; cap API d’Analytics consultada per aquesta conciliació."
8,SEO Ideas!A8:D8,0.43,https://www.estudidentalcarrera.com/es/dentista-tremp.html,estudi dental tremp,This page has a high bounce rate. Try to analyze and adjust all factors that may be increasing your bounce rate.,UX_rebot,mateixa_keyword_idea_url_canviada,41,mesurament_millorat_pendent_dades,mesurament_pendent,dades_pendents,"Avís de pàgina repetit per keyword, sense període, mostra, canal ni conversions al fitxer. La instrumentació anterior no demostra millora de rebot o permanència.",docs/seo-excel-2026-09-16/resum.md; docs/seo-onpage-2026-09-16/tracking.md,"Comparar sessions equivalents, consentiment, contactes i primeres visites; cap API d’Analytics consultada per aquesta conciliació."
9,SEO Ideas!A9:D9,0.43,https://www.estudidentalcarrera.com/es/dentista-tremp.html,estudi dental tremp,The amount of time visitors are spending on this page is suspiciously low. Try to adjust all factors that may be causing users to leave too quickly.,UX_permanencia,mateixa_keyword_idea_url_canviada,42,mesurament_millorat_pendent_dades,mesurament_pendent,dades_pendents,"Avís de pàgina repetit per keyword, sense període, mostra, canal ni conversions al fitxer. La instrumentació anterior no demostra millora de rebot o permanència.",docs/seo-excel-2026-09-16/resum.md; docs/seo-onpage-2026-09-16/tracking.md,"Comparar sessions equivalents, consentiment, contactes i primeres visites; cap API d’Analytics consultada per aquesta conciliació."
10,SEO Ideas!A10:D10,0.43,https://www.estudidentalcarrera.com/es/dentista-tremp.html,dentista tremp,This page has a high bounce rate. Try to analyze and adjust all factors that may be increasing your bounce rate.,UX_rebot,mateixa_keyword_idea_url_canviada,45,mesurament_millorat_pendent_dades,mesurament_pendent,dades_pendents,"Avís de pàgina repetit per keyword, sense període, mostra, canal ni conversions al fitxer. La instrumentació anterior no demostra millora de rebot o permanència.",docs/seo-excel-2026-09-16/resum.md; docs/seo-onpage-2026-09-16/tracking.md,"Comparar sessions equivalents, consentiment, contactes i primeres visites; cap API d’Analytics consultada per aquesta conciliació."
11,SEO Ideas!A11:D11,0.43,https://www.estudidentalcarrera.com/es/dentista-tremp.html,dentista tremp,The amount of time visitors are spending on this page is suspiciously low. Try to adjust all factors that may be causing users to leave too quickly.,UX_permanencia,mateixa_keyword_idea_url_canviada,46,mesurament_millorat_pendent_dades,mesurament_pendent,dades_pendents,"Avís de pàgina repetit per keyword, sense període, mostra, canal ni conversions al fitxer. La instrumentació anterior no demostra millora de rebot o permanència.",docs/seo-excel-2026-09-16/resum.md; docs/seo-onpage-2026-09-16/tracking.md,"Comparar sessions equivalents, consentiment, contactes i primeres visites; cap API d’Analytics consultada per aquesta conciliació."
12,SEO Ideas!A12:D12,2.66,https://www.estudidentalcarrera.com/es/clinica-dental-lleida.html,clinica dental lleida,This page has a high bounce rate. Try to analyze and adjust all factors that may be increasing your bounce rate.,UX_rebot,exacta_url_keyword_idea,8,mesurament_millorat_pendent_dades,mesurament_pendent,dades_pendents,"Avís de pàgina repetit per keyword, sense període, mostra, canal ni conversions al fitxer. La instrumentació anterior no demostra millora de rebot o permanència.",docs/seo-excel-2026-09-16/resum.md; docs/seo-onpage-2026-09-16/tracking.md,"Comparar sessions equivalents, consentiment, contactes i primeres visites; cap API d’Analytics consultada per aquesta conciliació."
13,SEO Ideas!A13:D13,2.66,https://www.estudidentalcarrera.com/es/clinica-dental-lleida.html,clinica dental lleida,The amount of time visitors are spending on this page is suspiciously low. Try to adjust all factors that may be causing users to leave too quickly.,UX_permanencia,exacta_url_keyword_idea,9,mesurament_millorat_pendent_dades,mesurament_pendent,dades_pendents,"Avís de pàgina repetit per keyword, sense període, mostra, canal ni conversions al fitxer. La instrumentació anterior no demostra millora de rebot o permanència.",docs/seo-excel-2026-09-16/resum.md; docs/seo-onpage-2026-09-16/tracking.md,"Comparar sessions equivalents, consentiment, contactes i primeres visites; cap API d’Analytics consultada per aquesta conciliació."
14,SEO Ideas!A14:D14,2.66,https://www.estudidentalcarrera.com/es/clinica-dental-lleida.html,dentista qui lleida,This page has a high bounce rate. Try to analyze and adjust all factors that may be increasing your bounce rate.,UX_rebot,exacta_url_keyword_idea,10,no_aplica,no_aplica,criteri_heretat,"Keyword de competidor o d’una ubicació aliena: dentista qui lleida. No s’adapta el web de Carrera per presentar una altra clínica, professional o ciutat.",docs/seo-excel-2026-09-16/idees-revisades.csv; files 10,Decisió editorial heretada; no es compta com a idea implementada ni com a avís retirat.
15,SEO Ideas!A15:D15,2.66,https://www.estudidentalcarrera.com/es/clinica-dental-lleida.html,dentista qui lleida,The amount of time visitors are spending on this page is suspiciously low. Try to adjust all factors that may be causing users to leave too quickly.,UX_permanencia,exacta_url_keyword_idea,11,no_aplica,no_aplica,criteri_heretat,"Keyword de competidor o d’una ubicació aliena: dentista qui lleida. No s’adapta el web de Carrera per presentar una altra clínica, professional o ciutat.",docs/seo-excel-2026-09-16/idees-revisades.csv; files 11,Decisió editorial heretada; no es compta com a idea implementada ni com a avís retirat.
16,SEO Ideas!A16:D16,2.66,https://www.estudidentalcarrera.com/es/clinica-dental-lleida.html,clinica qui lleida,This page has a high bounce rate. Try to analyze and adjust all factors that may be increasing your bounce rate.,UX_rebot,exacta_url_keyword_idea,14,no_aplica,no_aplica,criteri_heretat,"Keyword de competidor o d’una ubicació aliena: clinica qui lleida. No s’adapta el web de Carrera per presentar una altra clínica, professional o ciutat.",docs/seo-excel-2026-09-16/idees-revisades.csv; files 14,Decisió editorial heretada; no es compta com a idea implementada ni com a avís retirat.
17,SEO Ideas!A17:D17,2.66,https://www.estudidentalcarrera.com/es/clinica-dental-lleida.html,clinica qui lleida,The amount of time visitors are spending on this page is suspiciously low. Try to adjust all factors that may be causing users to leave too quickly.,UX_permanencia,exacta_url_keyword_idea,15,no_aplica,no_aplica,criteri_heretat,"Keyword de competidor o d’una ubicació aliena: clinica qui lleida. No s’adapta el web de Carrera per presentar una altra clínica, professional o ciutat.",docs/seo-excel-2026-09-16/idees-revisades.csv; files 15,Decisió editorial heretada; no es compta com a idea implementada ni com a avís retirat.
18,SEO Ideas!A18:D18,2.66,https://www.estudidentalcarrera.com/es/clinica-dental-lleida.html,dentista de urgencias,This page has a high bounce rate. Try to analyze and adjust all factors that may be increasing your bounce rate.,UX_rebot,exacta_url_keyword_idea,16,mesurament_millorat_pendent_dades,mesurament_pendent,dades_pendents,"Avís de pàgina repetit per keyword, sense període, mostra, canal ni conversions al fitxer. La instrumentació anterior no demostra millora de rebot o permanència.",docs/seo-excel-2026-09-16/resum.md; docs/seo-onpage-2026-09-16/tracking.md,"Comparar sessions equivalents, consentiment, contactes i primeres visites; cap API d’Analytics consultada per aquesta conciliació."
19,SEO Ideas!A19:D19,2.66,https://www.estudidentalcarrera.com/es/clinica-dental-lleida.html,dentista de urgencias,The amount of time visitors are spending on this page is suspiciously low. Try to adjust all factors that may be causing users to leave too quickly.,UX_permanencia,exacta_url_keyword_idea,17,mesurament_millorat_pendent_dades,mesurament_pendent,dades_pendents,"Avís de pàgina repetit per keyword, sense període, mostra, canal ni conversions al fitxer. La instrumentació anterior no demostra millora de rebot o permanència.",docs/seo-excel-2026-09-16/resum.md; docs/seo-onpage-2026-09-16/tracking.md,"Comparar sessions equivalents, consentiment, contactes i primeres visites; cap API d’Analytics consultada per aquesta conciliació."
20,SEO Ideas!A20:D20,2.66,https://www.estudidentalcarrera.com/es/clinica-dental-lleida.html,clinica qui,This page has a high bounce rate. Try to analyze and adjust all factors that may be increasing your bounce rate.,UX_rebot,exacta_url_keyword_idea,18,no_aplica,no_aplica,criteri_heretat,"Keyword de competidor o d’una ubicació aliena: clinica qui. No s’adapta el web de Carrera per presentar una altra clínica, professional o ciutat.",docs/seo-excel-2026-09-16/idees-revisades.csv; files 18,Decisió editorial heretada; no es compta com a idea implementada ni com a avís retirat.
21,SEO Ideas!A21:D21,2.66,https://www.estudidentalcarrera.com/es/clinica-dental-lleida.html,clinica qui,The amount of time visitors are spending on this page is suspiciously low. Try to adjust all factors that may be causing users to leave too quickly.,UX_permanencia,exacta_url_keyword_idea,19,no_aplica,no_aplica,criteri_heretat,"Keyword de competidor o d’una ubicació aliena: clinica qui. No s’adapta el web de Carrera per presentar una altra clínica, professional o ciutat.",docs/seo-excel-2026-09-16/idees-revisades.csv; files 19,Decisió editorial heretada; no es compta com a idea implementada ni com a avís retirat.
22,SEO Ideas!A22:D22,2.66,https://www.estudidentalcarrera.com/es/clinica-dental-lleida.html,clinica dental la seu lleida,This page has a high bounce rate. Try to analyze and adjust all factors that may be increasing your bounce rate.,UX_rebot,exacta_url_keyword_idea,20,no_aplica,no_aplica,criteri_heretat,"Keyword de competidor o d’una ubicació aliena: clinica dental la seu lleida. No s’adapta el web de Carrera per presentar una altra clínica, professional o ciutat.",docs/seo-excel-2026-09-16/idees-revisades.csv; files 20,Decisió editorial heretada; no es compta com a idea implementada ni com a avís retirat.
23,SEO Ideas!A23:D23,2.66,https://www.estudidentalcarrera.com/es/clinica-dental-lleida.html,clinica dental la seu lleida,The amount of time visitors are spending on this page is suspiciously low. Try to adjust all factors that may be causing users to leave too quickly.,UX_permanencia,exacta_url_keyword_idea,21,no_aplica,no_aplica,criteri_heretat,"Keyword de competidor o d’una ubicació aliena: clinica dental la seu lleida. No s’adapta el web de Carrera per presentar una altra clínica, professional o ciutat.",docs/seo-excel-2026-09-16/idees-revisades.csv; files 21,Decisió editorial heretada; no es compta com a idea implementada ni com a avís retirat.
24,SEO Ideas!A24:D24,2.66,https://www.estudidentalcarrera.com/es/clinica-dental-lleida.html,clinica dental qui,This page has a high bounce rate. Try to analyze and adjust all factors that may be increasing your bounce rate.,UX_rebot,exacta_url_keyword_idea,22,no_aplica,no_aplica,criteri_heretat,"Keyword de competidor o d’una ubicació aliena: clinica dental qui. No s’adapta el web de Carrera per presentar una altra clínica, professional o ciutat.",docs/seo-excel-2026-09-16/idees-revisades.csv; files 22,Decisió editorial heretada; no es compta com a idea implementada ni com a avís retirat.
25,SEO Ideas!A25:D25,2.66,https://www.estudidentalcarrera.com/es/clinica-dental-lleida.html,clinica dental qui,The amount of time visitors are spending on this page is suspiciously low. Try to adjust all factors that may be causing users to leave too quickly.,UX_permanencia,exacta_url_keyword_idea,23,no_aplica,no_aplica,criteri_heretat,"Keyword de competidor o d’una ubicació aliena: clinica dental qui. No s’adapta el web de Carrera per presentar una altra clínica, professional o ciutat.",docs/seo-excel-2026-09-16/idees-revisades.csv; files 23,Decisió editorial heretada; no es compta com a idea implementada ni com a avís retirat.
26,SEO Ideas!A26:D26,2.66,https://www.estudidentalcarrera.com/es/clinica-dental-lleida.html,urgencia dental,This page has a high bounce rate. Try to analyze and adjust all factors that may be increasing your bounce rate.,UX_rebot,exacta_url_keyword_idea,26,mesurament_millorat_pendent_dades,mesurament_pendent,dades_pendents,"Avís de pàgina repetit per keyword, sense període, mostra, canal ni conversions al fitxer. La instrumentació anterior no demostra millora de rebot o permanència.",docs/seo-excel-2026-09-16/resum.md; docs/seo-onpage-2026-09-16/tracking.md,"Comparar sessions equivalents, consentiment, contactes i primeres visites; cap API d’Analytics consultada per aquesta conciliació."
27,SEO Ideas!A27:D27,2.66,https://www.estudidentalcarrera.com/es/clinica-dental-lleida.html,urgencia dental,The amount of time visitors are spending on this page is suspiciously low. Try to adjust all factors that may be causing users to leave too quickly.,UX_permanencia,exacta_url_keyword_idea,27,mesurament_millorat_pendent_dades,mesurament_pendent,dades_pendents,"Avís de pàgina repetit per keyword, sense període, mostra, canal ni conversions al fitxer. La instrumentació anterior no demostra millora de rebot o permanència.",docs/seo-excel-2026-09-16/resum.md; docs/seo-onpage-2026-09-16/tracking.md,"Comparar sessions equivalents, consentiment, contactes i primeres visites; cap API d’Analytics consultada per aquesta conciliació."
28,SEO Ideas!A28:D28,2.66,https://www.estudidentalcarrera.com/es/clinica-dental-lleida.html,dentista urgencias,This page has a high bounce rate. Try to analyze and adjust all factors that may be increasing your bounce rate.,UX_rebot,exacta_url_keyword_idea,28,mesurament_millorat_pendent_dades,mesurament_pendent,dades_pendents,"Avís de pàgina repetit per keyword, sense període, mostra, canal ni conversions al fitxer. La instrumentació anterior no demostra millora de rebot o permanència.",docs/seo-excel-2026-09-16/resum.md; docs/seo-onpage-2026-09-16/tracking.md,"Comparar sessions equivalents, consentiment, contactes i primeres visites; cap API d’Analytics consultada per aquesta conciliació."
29,SEO Ideas!A29:D29,2.66,https://www.estudidentalcarrera.com/es/clinica-dental-lleida.html,dentista urgencias,The amount of time visitors are spending on this page is suspiciously low. Try to adjust all factors that may be causing users to leave too quickly.,UX_permanencia,exacta_url_keyword_idea,29,mesurament_millorat_pendent_dades,mesurament_pendent,dades_pendents,"Avís de pàgina repetit per keyword, sense període, mostra, canal ni conversions al fitxer. La instrumentació anterior no demostra millora de rebot o permanència.",docs/seo-excel-2026-09-16/resum.md; docs/seo-onpage-2026-09-16/tracking.md,"Comparar sessions equivalents, consentiment, contactes i primeres visites; cap API d’Analytics consultada per aquesta conciliació."
30,SEO Ideas!A30:D30,2.66,https://www.estudidentalcarrera.com/es/clinica-dental-lleida.html,dentista urgencias lleida,This page has a high bounce rate. Try to analyze and adjust all factors that may be increasing your bounce rate.,UX_rebot,exacta_url_keyword_idea,30,mesurament_millorat_pendent_dades,mesurament_pendent,dades_pendents,"Avís de pàgina repetit per keyword, sense període, mostra, canal ni conversions al fitxer. La instrumentació anterior no demostra millora de rebot o permanència.",docs/seo-excel-2026-09-16/resum.md; docs/seo-onpage-2026-09-16/tracking.md,"Comparar sessions equivalents, consentiment, contactes i primeres visites; cap API d’Analytics consultada per aquesta conciliació."
31,SEO Ideas!A31:D31,2.66,https://www.estudidentalcarrera.com/es/clinica-dental-lleida.html,dentista urgencias lleida,The amount of time visitors are spending on this page is suspiciously low. Try to adjust all factors that may be causing users to leave too quickly.,UX_permanencia,exacta_url_keyword_idea,31,mesurament_millorat_pendent_dades,mesurament_pendent,dades_pendents,"Avís de pàgina repetit per keyword, sense període, mostra, canal ni conversions al fitxer. La instrumentació anterior no demostra millora de rebot o permanència.",docs/seo-excel-2026-09-16/resum.md; docs/seo-onpage-2026-09-16/tracking.md,"Comparar sessions equivalents, consentiment, contactes i primeres visites; cap API d’Analytics consultada per aquesta conciliació."
32,SEO Ideas!A32:D32,2.66,https://www.estudidentalcarrera.com/es/clinica-dental-lleida.html,dentistas en lleida,This page has a high bounce rate. Try to analyze and adjust all factors that may be increasing your bounce rate.,UX_rebot,mateixa_keyword_idea_url_canviada,38,mesurament_millorat_pendent_dades,mesurament_pendent,dades_pendents,"Avís de pàgina repetit per keyword, sense període, mostra, canal ni conversions al fitxer. La instrumentació anterior no demostra millora de rebot o permanència.",docs/seo-excel-2026-09-16/resum.md; docs/seo-onpage-2026-09-16/tracking.md,"Comparar sessions equivalents, consentiment, contactes i primeres visites; cap API d’Analytics consultada per aquesta conciliació."
33,SEO Ideas!A33:D33,2.66,https://www.estudidentalcarrera.com/es/clinica-dental-lleida.html,dentistas en lleida,The amount of time visitors are spending on this page is suspiciously low. Try to adjust all factors that may be causing users to leave too quickly.,UX_permanencia,categoria_nova_per_keyword,,,mesurament_pendent,dades_pendents,"Avís de pàgina repetit per keyword, sense període, mostra, canal ni conversions al fitxer. La instrumentació anterior no demostra millora de rebot o permanència.",docs/seo-excel-2026-09-16/resum.md; docs/seo-onpage-2026-09-16/tracking.md,"Comparar sessions equivalents, consentiment, contactes i primeres visites; cap API d’Analytics consultada per aquesta conciliació."
34,SEO Ideas!A34:D34,2.66,https://www.estudidentalcarrera.com/es/clinica-dental-lleida.html,dentista lleida,This page has a high bounce rate. Try to analyze and adjust all factors that may be increasing your bounce rate.,UX_rebot,mateixa_keyword_idea_url_canviada,36,mesurament_millorat_pendent_dades,mesurament_pendent,dades_pendents,"Avís de pàgina repetit per keyword, sense període, mostra, canal ni conversions al fitxer. La instrumentació anterior no demostra millora de rebot o permanència.",docs/seo-excel-2026-09-16/resum.md; docs/seo-onpage-2026-09-16/tracking.md,"Comparar sessions equivalents, consentiment, contactes i primeres visites; cap API d’Analytics consultada per aquesta conciliació."
35,SEO Ideas!A35:D35,2.66,https://www.estudidentalcarrera.com/es/clinica-dental-lleida.html,dentista lleida,The amount of time visitors are spending on this page is suspiciously low. Try to adjust all factors that may be causing users to leave too quickly.,UX_permanencia,categoria_nova_per_keyword,,,mesurament_pendent,dades_pendents,"Avís de pàgina repetit per keyword, sense període, mostra, canal ni conversions al fitxer. La instrumentació anterior no demostra millora de rebot o permanència.",docs/seo-excel-2026-09-16/resum.md; docs/seo-onpage-2026-09-16/tracking.md,"Comparar sessions equivalents, consentiment, contactes i primeres visites; cap API d’Analytics consultada per aquesta conciliació."
36,SEO Ideas!A36:D36,0.00,https://www.estudidentalcarrera.com/equip.html,carme roure lleida,This page has a high bounce rate. Try to analyze and adjust all factors that may be increasing your bounce rate.,UX_rebot,exacta_url_keyword_idea,39,mesurament_millorat_pendent_dades,mesurament_pendent,dades_pendents,"Avís de pàgina repetit per keyword, sense període, mostra, canal ni conversions al fitxer. La instrumentació anterior no demostra millora de rebot o permanència.",docs/seo-excel-2026-09-16/resum.md; docs/seo-onpage-2026-09-16/tracking.md,"Comparar sessions equivalents, consentiment, contactes i primeres visites; cap API d’Analytics consultada per aquesta conciliació."
37,SEO Ideas!A37:D37,0.00,https://www.estudidentalcarrera.com/equip.html,carme roure lleida,The amount of time visitors are spending on this page is suspiciously low. Try to adjust all factors that may be causing users to leave too quickly.,UX_permanencia,exacta_url_keyword_idea,40,mesurament_millorat_pendent_dades,mesurament_pendent,dades_pendents,"Avís de pàgina repetit per keyword, sense període, mostra, canal ni conversions al fitxer. La instrumentació anterior no demostra millora de rebot o permanència.",docs/seo-excel-2026-09-16/resum.md; docs/seo-onpage-2026-09-16/tracking.md,"Comparar sessions equivalents, consentiment, contactes i primeres visites; cap API d’Analytics consultada per aquesta conciliació."
38,SEO Ideas!A38:D38,0.14,https://www.estudidentalcarrera.com/es/implantes-dentales.html,implantes dentales lleida,This page has a high bounce rate. Try to analyze and adjust all factors that may be increasing your bounce rate.,UX_rebot,exacta_url_keyword_idea,48,mesurament_millorat_pendent_dades,mesurament_pendent,dades_pendents,"Avís de pàgina repetit per keyword, sense període, mostra, canal ni conversions al fitxer. La instrumentació anterior no demostra millora de rebot o permanència.",docs/seo-excel-2026-09-16/resum.md; docs/seo-onpage-2026-09-16/tracking.md,"Comparar sessions equivalents, consentiment, contactes i primeres visites; cap API d’Analytics consultada per aquesta conciliació."
39,SEO Ideas!A39:D39,0.14,https://www.estudidentalcarrera.com/es/implantes-dentales.html,implantes dentales lleida,The amount of time visitors are spending on this page is suspiciously low. Try to adjust all factors that may be causing users to leave too quickly.,UX_permanencia,exacta_url_keyword_idea,49,mesurament_millorat_pendent_dades,mesurament_pendent,dades_pendents,"Avís de pàgina repetit per keyword, sense període, mostra, canal ni conversions al fitxer. La instrumentació anterior no demostra millora de rebot o permanència.",docs/seo-excel-2026-09-16/resum.md; docs/seo-onpage-2026-09-16/tracking.md,"Comparar sessions equivalents, consentiment, contactes i primeres visites; cap API d’Analytics consultada per aquesta conciliació."
40,SEO Ideas!A40:D40,0.14,https://www.estudidentalcarrera.com/,clinica carrera madrid,The amount of time visitors are spending on this page is suspiciously low. Try to adjust all factors that may be causing users to leave too quickly.,UX_permanencia,exacta_url_keyword_idea,51,no_aplica,no_aplica,criteri_heretat,"Keyword de competidor o d’una ubicació aliena: clinica carrera madrid. No s’adapta el web de Carrera per presentar una altra clínica, professional o ciutat.",docs/seo-excel-2026-09-16/idees-revisades.csv; files 51,Decisió editorial heretada; no es compta com a idea implementada ni com a avís retirat.
41,SEO Ideas!A41:D41,0.14,https://www.estudidentalcarrera.com/,dentista perera lleida,The amount of time visitors are spending on this page is suspiciously low. Try to adjust all factors that may be causing users to leave too quickly.,UX_permanencia,exacta_url_keyword_idea,61,no_aplica,no_aplica,criteri_heretat,"Keyword de competidor o d’una ubicació aliena: dentista perera lleida. No s’adapta el web de Carrera per presentar una altra clínica, professional o ciutat.",docs/seo-excel-2026-09-16/idees-revisades.csv; files 61,Decisió editorial heretada; no es compta com a idea implementada ni com a avís retirat.
42,SEO Ideas!A42:D42,0.30,https://www.estudidentalcarrera.com/es/equipo.html,dentista qui,This page has a high bounce rate. Try to analyze and adjust all factors that may be increasing your bounce rate.,UX_rebot,exacta_url_keyword_idea,64,no_aplica,no_aplica,criteri_heretat,"Keyword de competidor o d’una ubicació aliena: dentista qui. No s’adapta el web de Carrera per presentar una altra clínica, professional o ciutat.",docs/seo-excel-2026-09-16/idees-revisades.csv; files 64,Decisió editorial heretada; no es compta com a idea implementada ni com a avís retirat.
43,SEO Ideas!A43:D43,0.30,https://www.estudidentalcarrera.com/es/equipo.html,dentista qui,The amount of time visitors are spending on this page is suspiciously low. Try to adjust all factors that may be causing users to leave too quickly.,UX_permanencia,exacta_url_keyword_idea,65,no_aplica,no_aplica,criteri_heretat,"Keyword de competidor o d’una ubicació aliena: dentista qui. No s’adapta el web de Carrera per presentar una altra clínica, professional o ciutat.",docs/seo-excel-2026-09-16/idees-revisades.csv; files 65,Decisió editorial heretada; no es compta com a idea implementada ni com a avís retirat.
44,SEO Ideas!A44:D44,0.30,https://www.estudidentalcarrera.com/es/equipo.html,ramon perera lleida,This page has a high bounce rate. Try to analyze and adjust all factors that may be increasing your bounce rate.,UX_rebot,exacta_url_keyword_idea,66,no_aplica,no_aplica,criteri_heretat,"Keyword de competidor o d’una ubicació aliena: ramon perera lleida. No s’adapta el web de Carrera per presentar una altra clínica, professional o ciutat.",docs/seo-excel-2026-09-16/idees-revisades.csv; files 66,Decisió editorial heretada; no es compta com a idea implementada ni com a avís retirat.
45,SEO Ideas!A45:D45,0.30,https://www.estudidentalcarrera.com/es/equipo.html,ramon perera lleida,The amount of time visitors are spending on this page is suspiciously low. Try to adjust all factors that may be causing users to leave too quickly.,UX_permanencia,exacta_url_keyword_idea,67,no_aplica,no_aplica,criteri_heretat,"Keyword de competidor o d’una ubicació aliena: ramon perera lleida. No s’adapta el web de Carrera per presentar una altra clínica, professional o ciutat.",docs/seo-excel-2026-09-16/idees-revisades.csv; files 67,Decisió editorial heretada; no es compta com a idea implementada ni com a avís retirat.
46,SEO Ideas!A46:D46,0.30,https://www.estudidentalcarrera.com/es/equipo.html,carreras dental,This page has a high bounce rate. Try to analyze and adjust all factors that may be increasing your bounce rate.,UX_rebot,exacta_url_keyword_idea,68,mesurament_millorat_pendent_dades,mesurament_pendent,dades_pendents,"Avís de pàgina repetit per keyword, sense període, mostra, canal ni conversions al fitxer. La instrumentació anterior no demostra millora de rebot o permanència.",docs/seo-excel-2026-09-16/resum.md; docs/seo-onpage-2026-09-16/tracking.md,"Comparar sessions equivalents, consentiment, contactes i primeres visites; cap API d’Analytics consultada per aquesta conciliació."
47,SEO Ideas!A47:D47,0.30,https://www.estudidentalcarrera.com/es/equipo.html,carreras dental,The amount of time visitors are spending on this page is suspiciously low. Try to adjust all factors that may be causing users to leave too quickly.,UX_permanencia,exacta_url_keyword_idea,69,mesurament_millorat_pendent_dades,mesurament_pendent,dades_pendents,"Avís de pàgina repetit per keyword, sense període, mostra, canal ni conversions al fitxer. La instrumentació anterior no demostra millora de rebot o permanència.",docs/seo-excel-2026-09-16/resum.md; docs/seo-onpage-2026-09-16/tracking.md,"Comparar sessions equivalents, consentiment, contactes i primeres visites; cap API d’Analytics consultada per aquesta conciliació."
48,SEO Ideas!A48:D48,0.22,https://www.estudidentalcarrera.com/periodoncia-endodoncia.html,endodòncia lleida,This page has a high bounce rate. Try to analyze and adjust all factors that may be increasing your bounce rate.,UX_rebot,mateixa_keyword_idea_url_canviada,80,mesurament_millorat_pendent_dades,mesurament_pendent,dades_pendents,"Avís de pàgina repetit per keyword, sense període, mostra, canal ni conversions al fitxer. La instrumentació anterior no demostra millora de rebot o permanència.",docs/seo-excel-2026-09-16/resum.md; docs/seo-onpage-2026-09-16/tracking.md,"Comparar sessions equivalents, consentiment, contactes i primeres visites; cap API d’Analytics consultada per aquesta conciliació."
49,SEO Ideas!A49:D49,0.22,https://www.estudidentalcarrera.com/periodoncia-endodoncia.html,endodòncia lleida,The amount of time visitors are spending on this page is suspiciously low. Try to adjust all factors that may be causing users to leave too quickly.,UX_permanencia,mateixa_keyword_idea_url_canviada,81,mesurament_millorat_pendent_dades,mesurament_pendent,dades_pendents,"Avís de pàgina repetit per keyword, sense període, mostra, canal ni conversions al fitxer. La instrumentació anterior no demostra millora de rebot o permanència.",docs/seo-excel-2026-09-16/resum.md; docs/seo-onpage-2026-09-16/tracking.md,"Comparar sessions equivalents, consentiment, contactes i primeres visites; cap API d’Analytics consultada per aquesta conciliació."
50,SEO Ideas!A50:D50,0.22,https://www.estudidentalcarrera.com/periodoncia-endodoncia.html,endodòncia a lleida,This page has a high bounce rate. Try to analyze and adjust all factors that may be increasing your bounce rate.,UX_rebot,mateixa_keyword_idea_url_canviada,70,mesurament_millorat_pendent_dades,mesurament_pendent,dades_pendents,"Avís de pàgina repetit per keyword, sense període, mostra, canal ni conversions al fitxer. La instrumentació anterior no demostra millora de rebot o permanència.",docs/seo-excel-2026-09-16/resum.md; docs/seo-onpage-2026-09-16/tracking.md,"Comparar sessions equivalents, consentiment, contactes i primeres visites; cap API d’Analytics consultada per aquesta conciliació."
51,SEO Ideas!A51:D51,0.22,https://www.estudidentalcarrera.com/periodoncia-endodoncia.html,endodòncia a lleida,The amount of time visitors are spending on this page is suspiciously low. Try to adjust all factors that may be causing users to leave too quickly.,UX_permanencia,mateixa_keyword_idea_url_canviada,71,mesurament_millorat_pendent_dades,mesurament_pendent,dades_pendents,"Avís de pàgina repetit per keyword, sense període, mostra, canal ni conversions al fitxer. La instrumentació anterior no demostra millora de rebot o permanència.",docs/seo-excel-2026-09-16/resum.md; docs/seo-onpage-2026-09-16/tracking.md,"Comparar sessions equivalents, consentiment, contactes i primeres visites; cap API d’Analytics consultada per aquesta conciliació."
52,SEO Ideas!A52:D52,0.09,https://www.estudidentalcarrera.com/clinica-dental-lleida.html,millor clinica dental lleida,This page has a high bounce rate. Try to analyze and adjust all factors that may be increasing your bounce rate.,UX_rebot,exacta_url_keyword_idea,72,mesurament_millorat_pendent_dades,mesurament_pendent,dades_pendents,"Avís de pàgina repetit per keyword, sense període, mostra, canal ni conversions al fitxer. La instrumentació anterior no demostra millora de rebot o permanència.",docs/seo-excel-2026-09-16/resum.md; docs/seo-onpage-2026-09-16/tracking.md,"Comparar sessions equivalents, consentiment, contactes i primeres visites; cap API d’Analytics consultada per aquesta conciliació."
53,SEO Ideas!A53:D53,0.09,https://www.estudidentalcarrera.com/clinica-dental-lleida.html,millor clinica dental lleida,The amount of time visitors are spending on this page is suspiciously low. Try to adjust all factors that may be causing users to leave too quickly.,UX_permanencia,exacta_url_keyword_idea,73,mesurament_millorat_pendent_dades,mesurament_pendent,dades_pendents,"Avís de pàgina repetit per keyword, sense període, mostra, canal ni conversions al fitxer. La instrumentació anterior no demostra millora de rebot o permanència.",docs/seo-excel-2026-09-16/resum.md; docs/seo-onpage-2026-09-16/tracking.md,"Comparar sessions equivalents, consentiment, contactes i primeres visites; cap API d’Analytics consultada per aquesta conciliació."
54,SEO Ideas!A54:D54,0.09,https://www.estudidentalcarrera.com/clinica-dental-lleida.html,dentistes a lleida,This page has a high bounce rate. Try to analyze and adjust all factors that may be increasing your bounce rate.,UX_rebot,mateixa_keyword_idea_url_canviada,54,mesurament_millorat_pendent_dades,mesurament_pendent,dades_pendents,"Avís de pàgina repetit per keyword, sense període, mostra, canal ni conversions al fitxer. La instrumentació anterior no demostra millora de rebot o permanència.",docs/seo-excel-2026-09-16/resum.md; docs/seo-onpage-2026-09-16/tracking.md,"Comparar sessions equivalents, consentiment, contactes i primeres visites; cap API d’Analytics consultada per aquesta conciliació."
55,SEO Ideas!A55:D55,0.09,https://www.estudidentalcarrera.com/clinica-dental-lleida.html,dentistes a lleida,The amount of time visitors are spending on this page is suspiciously low. Try to adjust all factors that may be causing users to leave too quickly.,UX_permanencia,mateixa_keyword_idea_url_canviada,55,mesurament_millorat_pendent_dades,mesurament_pendent,dades_pendents,"Avís de pàgina repetit per keyword, sense període, mostra, canal ni conversions al fitxer. La instrumentació anterior no demostra millora de rebot o permanència.",docs/seo-excel-2026-09-16/resum.md; docs/seo-onpage-2026-09-16/tracking.md,"Comparar sessions equivalents, consentiment, contactes i primeres visites; cap API d’Analytics consultada per aquesta conciliació."
56,SEO Ideas!A56:D56,0.25,https://www.estudidentalcarrera.com/es/estetica-dental.html,estetica dental lleida,This page has a high bounce rate. Try to analyze and adjust all factors that may be increasing your bounce rate.,UX_rebot,exacta_url_keyword_idea,74,mesurament_millorat_pendent_dades,mesurament_pendent,dades_pendents,"Avís de pàgina repetit per keyword, sense període, mostra, canal ni conversions al fitxer. La instrumentació anterior no demostra millora de rebot o permanència.",docs/seo-excel-2026-09-16/resum.md; docs/seo-onpage-2026-09-16/tracking.md,"Comparar sessions equivalents, consentiment, contactes i primeres visites; cap API d’Analytics consultada per aquesta conciliació."
57,SEO Ideas!A57:D57,0.25,https://www.estudidentalcarrera.com/es/estetica-dental.html,estetica dental lleida,The amount of time visitors are spending on this page is suspiciously low. Try to adjust all factors that may be causing users to leave too quickly.,UX_permanencia,exacta_url_keyword_idea,75,mesurament_millorat_pendent_dades,mesurament_pendent,dades_pendents,"Avís de pàgina repetit per keyword, sense període, mostra, canal ni conversions al fitxer. La instrumentació anterior no demostra millora de rebot o permanència.",docs/seo-excel-2026-09-16/resum.md; docs/seo-onpage-2026-09-16/tracking.md,"Comparar sessions equivalents, consentiment, contactes i primeres visites; cap API d’Analytics consultada per aquesta conciliació."
58,SEO Ideas!A58:D58,0.25,https://www.estudidentalcarrera.com/es/estetica-dental.html,carillas dentales en lleida,This page has a high bounce rate. Try to analyze and adjust all factors that may be increasing your bounce rate.,UX_rebot,exacta_url_keyword_idea,76,mesurament_millorat_pendent_dades,mesurament_pendent,dades_pendents,"Avís de pàgina repetit per keyword, sense període, mostra, canal ni conversions al fitxer. La instrumentació anterior no demostra millora de rebot o permanència.",docs/seo-excel-2026-09-16/resum.md; docs/seo-onpage-2026-09-16/tracking.md,"Comparar sessions equivalents, consentiment, contactes i primeres visites; cap API d’Analytics consultada per aquesta conciliació."
59,SEO Ideas!A59:D59,0.25,https://www.estudidentalcarrera.com/es/estetica-dental.html,carillas dentales en lleida,The amount of time visitors are spending on this page is suspiciously low. Try to adjust all factors that may be causing users to leave too quickly.,UX_permanencia,exacta_url_keyword_idea,77,mesurament_millorat_pendent_dades,mesurament_pendent,dades_pendents,"Avís de pàgina repetit per keyword, sense període, mostra, canal ni conversions al fitxer. La instrumentació anterior no demostra millora de rebot o permanència.",docs/seo-excel-2026-09-16/resum.md; docs/seo-onpage-2026-09-16/tracking.md,"Comparar sessions equivalents, consentiment, contactes i primeres visites; cap API d’Analytics consultada per aquesta conciliació."
60,SEO Ideas!A60:D60,0.25,https://www.estudidentalcarrera.com/es/estetica-dental.html,blanqueamiento dental lleida,This page has a high bounce rate. Try to analyze and adjust all factors that may be increasing your bounce rate.,UX_rebot,exacta_url_keyword_idea,78,mesurament_millorat_pendent_dades,mesurament_pendent,dades_pendents,"Avís de pàgina repetit per keyword, sense període, mostra, canal ni conversions al fitxer. La instrumentació anterior no demostra millora de rebot o permanència.",docs/seo-excel-2026-09-16/resum.md; docs/seo-onpage-2026-09-16/tracking.md,"Comparar sessions equivalents, consentiment, contactes i primeres visites; cap API d’Analytics consultada per aquesta conciliació."
61,SEO Ideas!A61:D61,0.25,https://www.estudidentalcarrera.com/es/estetica-dental.html,blanqueamiento dental lleida,The amount of time visitors are spending on this page is suspiciously low. Try to adjust all factors that may be causing users to leave too quickly.,UX_permanencia,exacta_url_keyword_idea,79,mesurament_millorat_pendent_dades,mesurament_pendent,dades_pendents,"Avís de pàgina repetit per keyword, sense període, mostra, canal ni conversions al fitxer. La instrumentació anterior no demostra millora de rebot o permanència.",docs/seo-excel-2026-09-16/resum.md; docs/seo-onpage-2026-09-16/tracking.md,"Comparar sessions equivalents, consentiment, contactes i primeres visites; cap API d’Analytics consultada per aquesta conciliació."
62,SEO Ideas!A62:D62,0.00,https://www.estudidentalcarrera.com/es/atm-bruxismo.html,dolor mandibula lleida,Your `H1` tag does not contain your target keyword. Try to add this keyword to your `H1` tag.,H1,exacta_url_keyword_idea,82,ja_cobert_actualment,cobertura_heretada,contingut_ja_revisat,"Cobertura documentada a la revisió del 16/09: L’H1 ja expressava dolor de mandíbula, bruxisme i Lleida; no cal la variant sense accents ni preposicions.",docs/seo-excel-2026-09-16/idees-revisades.csv; files 82,La cobertura editorial prèvia no acredita que Semrush hagi retirat l’avís.
63,SEO Ideas!A63:D63,0.00,https://www.estudidentalcarrera.com/es/atm-bruxismo.html,dolor mandibula lleida,Your `title` page tag does not contain your target keyword. Try to add this keyword to your page `title` tag.,title,exacta_url_keyword_idea,83,aplicat_ara,cobertura_verificada,cobertura_publica_verificada,La comprovació independent de l’HTML públic confirma la cobertura semàntica del tractament i la ubicació. La keyword exacta no és una cadena contigua; es manté el text natural. Això no acredita el tancament de l’avís a Semrush.,"HTTP públic fresc 18/09/2026: 200, canonical correcte, x-vercel-cache MISS, age 0. Title: Dolor de mandíbula y bruxismo en Lleida y Tremp | Carrera. Comprovació de l’agent independent comunicada per l’agent principal; contingut anterior a la tanda del 18/09.",Només resta confirmar la nova lectura de Semrush; no cal repetir el canvi de metadades per una coincidència literal.
64,SEO Ideas!A64:D64,0.00,https://www.estudidentalcarrera.com/es/atm-bruxismo.html,dolor mandibula lleida,Try to acquire backlinks from the following domains: qdq.com,backlinks,exacta_url_keyword_idea,84,pendent_extern,pendent_extern,gestio_externa_pendent,"La llista de dominis és una proposta de Semrush. Cal comprovar la pàgina, pertinència i possibilitat real abans de gestionar cap fitxa o contacte.",docs/seo-onpage-2026-09-16/backlink-opportunities.md; docs/seo-excel-2026-09-16/idees-revisades.csv; files 84,"Cap missatge, alta, pagament ni enllaç aconseguit en aquesta tanda."
65,SEO Ideas!A65:D65,0.00,https://www.estudidentalcarrera.com/es/atm-bruxismo.html,dolor mandibula lleida,You may increase your click-through rate if you add an aggregate rating to this page <using the Physician markup code>.,estrelles_ressenyes,exacta_url_keyword_idea,85,no_aplica,no_aplica,criteri_heretat,"No s’afegeix AggregateRating per obtenir estrelles de ressenyes pròpies de la clínica. Canviar Dentist, Physician, Organization o ProfilePage al suggeriment no legitima qualificacions autocontrolades ni fictícies.",https://developers.google.com/search/docs/appearance/structured-data/review-snippet#guidelines,Cap marcatge de qualificacions afegit ni ressenya inventada.
66,SEO Ideas!A66:D66,0.00,https://www.estudidentalcarrera.com/es/atm-bruxismo.html,bruxismo lleida,Try to acquire backlinks from the following domains: qdq.com,backlinks,exacta_url_keyword_idea,86,pendent_extern,pendent_extern,gestio_externa_pendent,"La llista de dominis és una proposta de Semrush. Cal comprovar la pàgina, pertinència i possibilitat real abans de gestionar cap fitxa o contacte.",docs/seo-onpage-2026-09-16/backlink-opportunities.md; docs/seo-excel-2026-09-16/idees-revisades.csv; files 86,"Cap missatge, alta, pagament ni enllaç aconseguit en aquesta tanda."
67,SEO Ideas!A67:D67,0.00,https://www.estudidentalcarrera.com/es/atm-bruxismo.html,bruxismo lleida,You may increase your click-through rate if you add an aggregate rating to this page <using the Physician markup code>.,estrelles_ressenyes,exacta_url_keyword_idea,87,no_aplica,no_aplica,criteri_heretat,"No s’afegeix AggregateRating per obtenir estrelles de ressenyes pròpies de la clínica. Canviar Dentist, Physician, Organization o ProfilePage al suggeriment no legitima qualificacions autocontrolades ni fictícies.",https://developers.google.com/search/docs/appearance/structured-data/review-snippet#guidelines,Cap marcatge de qualificacions afegit ni ressenya inventada.
68,SEO Ideas!A68:D68,0.43,https://www.estudidentalcarrera.com/es/dentista-tremp.html,estudi dental tremp,Your `H1` tag does not contain your target keyword. Try to add this keyword to your `H1` tag.,H1,mateixa_keyword_idea_url_canviada,181,reassignacio_confirmada,no_aplica,assignacio_correcta_criteri_editorial,L’H1 prioritza clínica dental i Tremp. La marca es conserva a la navegació i al title; no cal convertir l’H1 en una llista de variants.,HTML renderitzat de data/landing-pages.js + data/service-enrichment.js; revisió independent 18/09/2026,"Comprovar futura reanàlisi, sense forçar coincidències literals ni alterar la intenció principal."
69,SEO Ideas!A69:D69,0.43,https://www.estudidentalcarrera.com/es/dentista-tremp.html,estudi dental tremp,Your `title` page tag does not contain your target keyword. Try to add this keyword to your page `title` tag.,title,mateixa_keyword_idea_url_canviada,182,reassignacio_confirmada,aplicat_publicat_verificat,canvi_editorial_bilingue,S’amplia la marca abreujada Carrera a Estudi Dental Carrera al title de Tremp en CA/ES. Identifica la marca completa del web i conserva el focus local sense repetir Tremp.,"data/landing-pages.js ca-tremp/es-tremp; build i 95 proves aprovats; commit 78202a1, verificacio-publicacio.json: contingut públic verificat",Nova reanàlisi de Semrush i seguiment de dades reals. La publicació no acredita retirada de l’avís ni millora de posicions.
70,SEO Ideas!A70:D70,0.43,https://www.estudidentalcarrera.com/es/dentista-tremp.html,estudi dental tremp,Keyword assigned to the current page produce higher rankings for other page. You may try to optimize these higher ranking page for the given keyword instead: position 5 page https://www.estudidentalcarrera.com/es/,estrategia,mateixa_keyword_idea_url_canviada,183,reassignacio_confirmada,no_aplica,criteri_heretat,La keyword local estudi dental tremp ja està assignada a la landing de Tremp. La mateixa proposta antiga de tornar a /es/ cita posició 5; no acredita que calgui revertir l’assignació local.,docs/seo-excel-2026-09-16/resum.md; SEO Ideas!A70:D70,Preservar mapping confirmat i validar amb dades recents; no es declara un guany de posició.
71,SEO Ideas!A71:D71,0.43,https://www.estudidentalcarrera.com/es/dentista-tremp.html,estudi dental tremp,You may increase your click-through rate if you add an aggregate rating to this page <using the Organization markup code>.,estrelles_ressenyes,mateixa_categoria_text_canviat,184,no_aplica,no_aplica,criteri_heretat,"No s’afegeix AggregateRating per obtenir estrelles de ressenyes pròpies de la clínica. Canviar Dentist, Physician, Organization o ProfilePage al suggeriment no legitima qualificacions autocontrolades ni fictícies.",https://developers.google.com/search/docs/appearance/structured-data/review-snippet#guidelines,Cap marcatge de qualificacions afegit ni ressenya inventada.
72,SEO Ideas!A72:D72,0.43,https://www.estudidentalcarrera.com/es/dentista-tremp.html,dentista tremp,Your page’s `body` tag does not contain your target keyword. Try to add this keyword to your page’s body.,body,mateixa_keyword_idea_url_canviada,194,reassignacio_confirmada,cobertura_verificada,assignacio_correcta_contingut_revisat,"La landing efectiva descriu la clínica, la ciutat, els professionals i l’atenció dental. La intenció està coberta sense afegir un sinònim només per reproduir la keyword.",HTML renderitzat de la landing local; revisió independent 18/09/2026,Rastreig Semrush posterior; cobertura semàntica no implica retirada automàtica de l’avís.
73,SEO Ideas!A73:D73,0.43,https://www.estudidentalcarrera.com/es/dentista-tremp.html,dentista tremp,Your `H1` tag does not contain your target keyword. Try to add this keyword to your `H1` tag.,H1,mateixa_keyword_idea_url_canviada,195,reassignacio_confirmada,no_aplica,assignacio_correcta_criteri_editorial,Clínica dental en Tremp cobreix la mateixa intenció local que dentista tremp; no es força el sinònim exacte a l’H1.,HTML renderitzat de data/landing-pages.js + data/service-enrichment.js; revisió independent 18/09/2026,"Comprovar futura reanàlisi, sense forçar coincidències literals ni alterar la intenció principal."
74,SEO Ideas!A74:D74,0.43,https://www.estudidentalcarrera.com/es/dentista-tremp.html,dentista tremp,Your `title` page tag does not contain your target keyword. Try to add this keyword to your page `title` tag.,title,mateixa_keyword_idea_url_canviada,196,reassignacio_confirmada,no_aplica,assignacio_correcta_criteri_editorial,El title conté Dentista y clínica dental en Tremp. La manca de seqüència literal sense connectors no és manca de cobertura.,HTML renderitzat de data/landing-pages.js + data/service-enrichment.js; revisió independent 18/09/2026,"Comprovar futura reanàlisi, sense forçar coincidències literals ni alterar la intenció principal."
75,SEO Ideas!A75:D75,0.43,https://www.estudidentalcarrera.com/es/dentista-tremp.html,dentista tremp,Your page’s meta description does not contain your target keyword. Try to add this keyword to your page `meta` tag.,meta_description,mateixa_keyword_idea_url_canviada,197,reassignacio_confirmada,no_aplica,assignacio_correcta_criteri_editorial,La meta descriu clínica dental en Tremp i els tractaments; no cal duplicar el sinònim dentista.,HTML renderitzat de data/landing-pages.js + data/service-enrichment.js; revisió independent 18/09/2026,"Comprovar futura reanàlisi, sense forçar coincidències literals ni alterar la intenció principal."
76,SEO Ideas!A76:D76,0.43,https://www.estudidentalcarrera.com/es/dentista-tremp.html,dentista tremp,Try to acquire backlinks from the following domains: docfav.com,backlinks,mateixa_keyword_idea_url_canviada,198,pendent_extern,pendent_extern,gestio_externa_pendent,"La llista de dominis és una proposta de Semrush. Cal comprovar la pàgina, pertinència i possibilitat real abans de gestionar cap fitxa o contacte.",docs/seo-onpage-2026-09-16/backlink-opportunities.md; docs/seo-excel-2026-09-16/idees-revisades.csv; files 198,"Cap missatge, alta, pagament ni enllaç aconseguit en aquesta tanda."
77,SEO Ideas!A77:D77,0.43,https://www.estudidentalcarrera.com/es/dentista-tremp.html,dentista tremp,"Compared to your rivals, your text-based content is difficult to read and understand. Try to improve your content's readability.",llegibilitat,mateixa_keyword_idea_url_canviada,199,reassignacio_confirmada,aplicat_publicat_verificat,canvi_local_verificat,"Canvi aplicat al codi local: Simplificar el text de Tremp per facilitar la lectura sense alterar horaris, telèfon ni el circuit de cita. Mateixa pàgina que la fila 80.","data/landing-pages.js (es-tremp); https://www.semrush.com/kb/567-seo-ideas-top-10-benchmarking; build i 95/95 proves aprovades; 8/8 pàgines verificades en navegador a 320 i 390 px sense desbordament ni àncores invàlides, segons l’agent principal el 18/09/2026; commit 78202a1, verificacio-publicacio.json: contingut públic verificat",Nova reanàlisi de Semrush i seguiment de dades reals. La publicació no acredita retirada de l’avís ni millora de posicions.
78,SEO Ideas!A78:D78,0.43,https://www.estudidentalcarrera.com/es/dentista-tremp.html,dentista tremp,You may increase your click-through rate if you add an aggregate rating to this page <using the Organization markup code>.,estrelles_ressenyes,mateixa_categoria_text_canviat,200,no_aplica,no_aplica,criteri_heretat,"No s’afegeix AggregateRating per obtenir estrelles de ressenyes pròpies de la clínica. Canviar Dentist, Physician, Organization o ProfilePage al suggeriment no legitima qualificacions autocontrolades ni fictícies.",https://developers.google.com/search/docs/appearance/structured-data/review-snippet#guidelines,Cap marcatge de qualificacions afegit ni ressenya inventada.
79,SEO Ideas!A79:D79,0.43,https://www.estudidentalcarrera.com/es/dentista-tremp.html,clinica dental tremp,Try to acquire backlinks from the following domains: docfav.com,backlinks,exacta_url_keyword_idea,90,pendent_extern,pendent_extern,gestio_externa_pendent,"La llista de dominis és una proposta de Semrush. Cal comprovar la pàgina, pertinència i possibilitat real abans de gestionar cap fitxa o contacte.",docs/seo-onpage-2026-09-16/backlink-opportunities.md; docs/seo-excel-2026-09-16/idees-revisades.csv; files 90,"Cap missatge, alta, pagament ni enllaç aconseguit en aquesta tanda."
80,SEO Ideas!A80:D80,0.43,https://www.estudidentalcarrera.com/es/dentista-tremp.html,clinica dental tremp,"Compared to your rivals, your text-based content is difficult to read and understand. Try to improve your content's readability.",llegibilitat,exacta_url_keyword_idea,91,ja_cobert_actualment,aplicat_publicat_verificat,canvi_local_verificat,"Canvi aplicat al codi local: Simplificar el text de Tremp per facilitar la lectura sense alterar horaris, telèfon ni el circuit de cita. Mateixa pàgina que la fila 77.","data/landing-pages.js (es-tremp); https://www.semrush.com/kb/567-seo-ideas-top-10-benchmarking; build i 95/95 proves aprovades; 8/8 pàgines verificades en navegador a 320 i 390 px sense desbordament ni àncores invàlides, segons l’agent principal el 18/09/2026; commit 78202a1, verificacio-publicacio.json: contingut públic verificat",Nova reanàlisi de Semrush i seguiment de dades reals. La publicació no acredita retirada de l’avís ni millora de posicions.
81,SEO Ideas!A81:D81,0.43,https://www.estudidentalcarrera.com/es/dentista-tremp.html,clinica dental tremp,You may increase your click-through rate if you add an aggregate rating to this page <using the Organization markup code>.,estrelles_ressenyes,categoria_nova_per_keyword,,,no_aplica,criteri_heretat,"No s’afegeix AggregateRating per obtenir estrelles de ressenyes pròpies de la clínica. Canviar Dentist, Physician, Organization o ProfilePage al suggeriment no legitima qualificacions autocontrolades ni fictícies.",https://developers.google.com/search/docs/appearance/structured-data/review-snippet#guidelines,Cap marcatge de qualificacions afegit ni ressenya inventada.
82,SEO Ideas!A82:D82,0.33,https://www.estudidentalcarrera.com/es/ortodoncia.html,ortodoncia lleida,Your `H1` tag does not contain your target keyword. Try to add this keyword to your `H1` tag.,H1,categoria_nova_per_keyword,,,no_aplica,nova_idea_literal_descartada,Es manté l’H1 prioritari Ortodoncia invisible en Lleida y Tremp. La cerca genèrica es cobreix al contingut i als H2; no es desfa l’ajust anterior només per una variant literal.,"data/landing-pages.js (es-ortho), base 2165e76; docs/seo-excel-2026-09-16/idees-revisades.csv","Validar amb rastreig i rendiment de les consultes, sense prometre desaparició de l’avís."
83,SEO Ideas!A83:D83,0.33,https://www.estudidentalcarrera.com/es/ortodoncia.html,ortodoncia lleida,Your `title` page tag does not contain your target keyword. Try to add this keyword to your page `title` tag.,title,exacta_url_keyword_idea,92,ja_cobert_actualment,cobertura_heretada,contingut_ja_revisat,"Cobertura documentada a la revisió del 16/09: El title ja incloïa ortodòncia, la modalitat invisible i Lleida; no cal eliminar el matís del tractament.",docs/seo-excel-2026-09-16/idees-revisades.csv; files 92,La cobertura editorial prèvia no acredita que Semrush hagi retirat l’avís.
84,SEO Ideas!A84:D84,0.33,https://www.estudidentalcarrera.com/es/ortodoncia.html,ortodoncia lleida,"Try to acquire backlinks from the following domains: abadendentistas.com, qdq.com",backlinks,exacta_url_keyword_idea,93,pendent_extern,pendent_extern,gestio_externa_pendent,"La llista de dominis és una proposta de Semrush. Cal comprovar la pàgina, pertinència i possibilitat real abans de gestionar cap fitxa o contacte.",docs/seo-onpage-2026-09-16/backlink-opportunities.md; docs/seo-excel-2026-09-16/idees-revisades.csv; files 93,"Cap missatge, alta, pagament ni enllaç aconseguit en aquesta tanda."
85,SEO Ideas!A85:D85,0.33,https://www.estudidentalcarrera.com/es/ortodoncia.html,ortodoncia lleida,"Compared to your rivals, your text-based content is difficult to read and understand. Try to improve your content's readability.",llegibilitat,exacta_url_keyword_idea,94,ja_cobert_actualment,aplicat_publicat_verificat,canvi_local_verificat,Canvi aplicat al codi local: Simplificar explicacions d’ortodòncia mantenint les comparacions i els límits dels tractaments.,"data/landing-pages.js (es-ortho); data/service-enrichment.js; https://www.semrush.com/kb/567-seo-ideas-top-10-benchmarking; build i 95/95 proves aprovades; 8/8 pàgines verificades en navegador a 320 i 390 px sense desbordament ni àncores invàlides, segons l’agent principal el 18/09/2026; commit 78202a1, verificacio-publicacio.json: contingut públic verificat",Nova reanàlisi de Semrush i seguiment de dades reals. La publicació no acredita retirada de l’avís ni millora de posicions.
86,SEO Ideas!A86:D86,0.33,https://www.estudidentalcarrera.com/es/ortodoncia.html,ortodoncia lleida,You may increase your click-through rate if you add an aggregate rating to this page <using the Physician markup code>.,estrelles_ressenyes,exacta_url_keyword_idea,95,no_aplica,no_aplica,criteri_heretat,"No s’afegeix AggregateRating per obtenir estrelles de ressenyes pròpies de la clínica. Canviar Dentist, Physician, Organization o ProfilePage al suggeriment no legitima qualificacions autocontrolades ni fictícies.",https://developers.google.com/search/docs/appearance/structured-data/review-snippet#guidelines,Cap marcatge de qualificacions afegit ni ressenya inventada.
87,SEO Ideas!A87:D87,0.33,https://www.estudidentalcarrera.com/es/ortodoncia.html,ortodoncia invisible lleida,Try to acquire backlinks from the following domains: qdq.com,backlinks,exacta_url_keyword_idea,98,pendent_extern,pendent_extern,gestio_externa_pendent,"La llista de dominis és una proposta de Semrush. Cal comprovar la pàgina, pertinència i possibilitat real abans de gestionar cap fitxa o contacte.",docs/seo-onpage-2026-09-16/backlink-opportunities.md; docs/seo-excel-2026-09-16/idees-revisades.csv; files 98,"Cap missatge, alta, pagament ni enllaç aconseguit en aquesta tanda."
88,SEO Ideas!A88:D88,0.33,https://www.estudidentalcarrera.com/es/ortodoncia.html,ortodoncia invisible lleida,"Compared to your rivals, your page has a relatively low word count. Try to increase the length of your page content.",extensio,exacta_url_keyword_idea,99,no_aplica,no_aplica,criteri_heretat,"No s’amplia text només per igualar el recompte dels rivals. El contingut actual ja tracta diagnòstic, comparativa alineadors/brackets, higiene, controls, retenció i FAQ.",docs/seo-excel-2026-09-16/idees-revisades.csv; files 99,Decisió editorial heretada; no es compta com a idea implementada ni com a avís retirat.
89,SEO Ideas!A89:D89,0.33,https://www.estudidentalcarrera.com/es/ortodoncia.html,ortodoncia invisible lleida,You may increase your click-through rate if you add an aggregate rating to this page <using the Physician markup code>.,estrelles_ressenyes,exacta_url_keyword_idea,100,no_aplica,no_aplica,criteri_heretat,"No s’afegeix AggregateRating per obtenir estrelles de ressenyes pròpies de la clínica. Canviar Dentist, Physician, Organization o ProfilePage al suggeriment no legitima qualificacions autocontrolades ni fictícies.",https://developers.google.com/search/docs/appearance/structured-data/review-snippet#guidelines,Cap marcatge de qualificacions afegit ni ressenya inventada.
90,SEO Ideas!A90:D90,2.66,https://www.estudidentalcarrera.com/es/clinica-dental-lleida.html,dentista lleida,Your `H1` tag does not contain your target keyword. Try to add this keyword to your `H1` tag.,H1,mateixa_keyword_idea_url_canviada,169,reassignacio_confirmada,no_aplica,assignacio_correcta_criteri_editorial,L’H1 descriu clínica dental en Lleida i el lead explicita Nuestro equipo de dentistas en Lleida.,HTML renderitzat de data/landing-pages.js + data/service-enrichment.js; revisió independent 18/09/2026,"Comprovar futura reanàlisi, sense forçar coincidències literals ni alterar la intenció principal."
91,SEO Ideas!A91:D91,2.66,https://www.estudidentalcarrera.com/es/clinica-dental-lleida.html,dentista lleida,Your `title` page tag does not contain your target keyword. Try to add this keyword to your page `title` tag.,title,mateixa_keyword_idea_url_canviada,170,reassignacio_confirmada,no_aplica,assignacio_correcta_criteri_editorial,El title descriu Clínica dental Lleida i identifica Carrera; la variant dentista està coberta al lead i la meta.,HTML renderitzat de data/landing-pages.js + data/service-enrichment.js; revisió independent 18/09/2026,"Comprovar futura reanàlisi, sense forçar coincidències literals ni alterar la intenció principal."
92,SEO Ideas!A92:D92,2.66,https://www.estudidentalcarrera.com/es/clinica-dental-lleida.html,dentista lleida,Your page’s meta description does not contain your target keyword. Try to add this keyword to your page `meta` tag.,meta_description,categoria_nova_per_keyword,,,aplicat_publicat_verificat,canvi_local_verificat,Canvi aplicat al codi local: Meta de Lleida: incorporar una menció natural a dentistas en Lleida. Comparteix la mateixa meta amb la fila 123.,"data/landing-pages.js (es-lleida); build i 95/95 proves aprovades; 8/8 pàgines verificades en navegador a 320 i 390 px sense desbordament ni àncores invàlides, segons l’agent principal el 18/09/2026; commit 78202a1, verificacio-publicacio.json: contingut públic verificat",Nova reanàlisi de Semrush i seguiment de dades reals. La publicació no acredita retirada de l’avís ni millora de posicions.
93,SEO Ideas!A93:D93,2.66,https://www.estudidentalcarrera.com/es/clinica-dental-lleida.html,dentista lleida,"Try to acquire backlinks from the following domains: latipo.cat, accio.com, docfav.com, abadendentistas.com, bedentalexpert.com, gowork.com, mitjalleida.com, cursabomberslleida.com, poidata.io, nomas900.org",backlinks,mateixa_keyword_idea_url_canviada,171,pendent_extern,pendent_extern,gestio_externa_pendent,"La llista de dominis és una proposta de Semrush. Cal comprovar la pàgina, pertinència i possibilitat real abans de gestionar cap fitxa o contacte.",docs/seo-onpage-2026-09-16/backlink-opportunities.md; docs/seo-excel-2026-09-16/idees-revisades.csv; files 171,"Cap missatge, alta, pagament ni enllaç aconseguit en aquesta tanda."
94,SEO Ideas!A94:D94,2.66,https://www.estudidentalcarrera.com/es/clinica-dental-lleida.html,dentista lleida,You may increase your click-through rate if you add an aggregate rating to this page <using the Physician markup code>.,estrelles_ressenyes,mateixa_categoria_text_canviat,173,no_aplica,no_aplica,criteri_heretat,"No s’afegeix AggregateRating per obtenir estrelles de ressenyes pròpies de la clínica. Canviar Dentist, Physician, Organization o ProfilePage al suggeriment no legitima qualificacions autocontrolades ni fictícies.",https://developers.google.com/search/docs/appearance/structured-data/review-snippet#guidelines,Cap marcatge de qualificacions afegit ni ressenya inventada.
95,SEO Ideas!A95:D95,2.66,https://www.estudidentalcarrera.com/es/clinica-dental-lleida.html,dentista qui lleida,Your `H1` tag does not contain your target keyword. Try to add this keyword to your `H1` tag.,H1,exacta_url_keyword_idea,101,no_aplica,no_aplica,criteri_heretat,"Keyword de competidor o d’una ubicació aliena: dentista qui lleida. No s’adapta el web de Carrera per presentar una altra clínica, professional o ciutat.",docs/seo-excel-2026-09-16/idees-revisades.csv; files 101,Decisió editorial heretada; no es compta com a idea implementada ni com a avís retirat.
96,SEO Ideas!A96:D96,2.66,https://www.estudidentalcarrera.com/es/clinica-dental-lleida.html,dentista qui lleida,Your `title` page tag does not contain your target keyword. Try to add this keyword to your page `title` tag.,title,exacta_url_keyword_idea,102,no_aplica,no_aplica,criteri_heretat,"Keyword de competidor o d’una ubicació aliena: dentista qui lleida. No s’adapta el web de Carrera per presentar una altra clínica, professional o ciutat.",docs/seo-excel-2026-09-16/idees-revisades.csv; files 102,Decisió editorial heretada; no es compta com a idea implementada ni com a avís retirat.
97,SEO Ideas!A97:D97,2.66,https://www.estudidentalcarrera.com/es/clinica-dental-lleida.html,dentista qui lleida,"Compared to your rivals, some related words are not present in your page’s content. Try to enrich your page’s content with the following semantically related words: `clínica qui odontologia es una clínica dental`, `tratamientos personalizados`",semantica,exacta_url_keyword_idea,103,no_aplica,no_aplica,criteri_heretat,"Keyword de competidor o d’una ubicació aliena: dentista qui lleida. No s’adapta el web de Carrera per presentar una altra clínica, professional o ciutat.",docs/seo-excel-2026-09-16/idees-revisades.csv; files 103,Decisió editorial heretada; no es compta com a idea implementada ni com a avís retirat.
98,SEO Ideas!A98:D98,2.66,https://www.estudidentalcarrera.com/es/clinica-dental-lleida.html,dentista qui lleida,"Try to acquire backlinks from the following domains: abadendentistas.com, gowork.com, nomas900.org",backlinks,exacta_url_keyword_idea,104,no_aplica,no_aplica,criteri_heretat,"Keyword de competidor o d’una ubicació aliena: dentista qui lleida. No s’adapta el web de Carrera per presentar una altra clínica, professional o ciutat.",docs/seo-excel-2026-09-16/idees-revisades.csv; files 104,Decisió editorial heretada; no es compta com a idea implementada ni com a avís retirat.
99,SEO Ideas!A99:D99,2.66,https://www.estudidentalcarrera.com/es/clinica-dental-lleida.html,dentista qui lleida,You may increase your click-through rate if you add an aggregate rating to this page <using the Physician markup code>.,estrelles_ressenyes,mateixa_categoria_text_canviat,105,no_aplica,no_aplica,criteri_heretat,"No s’afegeix AggregateRating per obtenir estrelles de ressenyes pròpies de la clínica. Canviar Dentist, Physician, Organization o ProfilePage al suggeriment no legitima qualificacions autocontrolades ni fictícies.",https://developers.google.com/search/docs/appearance/structured-data/review-snippet#guidelines,Cap marcatge de qualificacions afegit ni ressenya inventada.
100,SEO Ideas!A100:D100,2.66,https://www.estudidentalcarrera.com/es/clinica-dental-lleida.html,clinica qui lleida,Your `H1` tag does not contain your target keyword. Try to add this keyword to your `H1` tag.,H1,exacta_url_keyword_idea,112,no_aplica,no_aplica,criteri_heretat,"Keyword de competidor o d’una ubicació aliena: clinica qui lleida. No s’adapta el web de Carrera per presentar una altra clínica, professional o ciutat.",docs/seo-excel-2026-09-16/idees-revisades.csv; files 112,Decisió editorial heretada; no es compta com a idea implementada ni com a avís retirat.
101,SEO Ideas!A101:D101,2.66,https://www.estudidentalcarrera.com/es/clinica-dental-lleida.html,clinica qui lleida,Your `title` page tag does not contain your target keyword. Try to add this keyword to your page `title` tag.,title,exacta_url_keyword_idea,113,no_aplica,no_aplica,criteri_heretat,"Keyword de competidor o d’una ubicació aliena: clinica qui lleida. No s’adapta el web de Carrera per presentar una altra clínica, professional o ciutat.",docs/seo-excel-2026-09-16/idees-revisades.csv; files 113,Decisió editorial heretada; no es compta com a idea implementada ni com a avís retirat.
102,SEO Ideas!A102:D102,2.66,https://www.estudidentalcarrera.com/es/clinica-dental-lleida.html,clinica qui lleida,Try to acquire backlinks from the following domains: qdq.com,backlinks,exacta_url_keyword_idea,114,no_aplica,no_aplica,criteri_heretat,"Keyword de competidor o d’una ubicació aliena: clinica qui lleida. No s’adapta el web de Carrera per presentar una altra clínica, professional o ciutat.",docs/seo-excel-2026-09-16/idees-revisades.csv; files 114,Decisió editorial heretada; no es compta com a idea implementada ni com a avís retirat.
103,SEO Ideas!A103:D103,2.66,https://www.estudidentalcarrera.com/es/clinica-dental-lleida.html,clinica qui lleida,You may increase your click-through rate if you add an aggregate rating to this page <using the Physician markup code>.,estrelles_ressenyes,mateixa_categoria_text_canviat,115,no_aplica,no_aplica,criteri_heretat,"No s’afegeix AggregateRating per obtenir estrelles de ressenyes pròpies de la clínica. Canviar Dentist, Physician, Organization o ProfilePage al suggeriment no legitima qualificacions autocontrolades ni fictícies.",https://developers.google.com/search/docs/appearance/structured-data/review-snippet#guidelines,Cap marcatge de qualificacions afegit ni ressenya inventada.
104,SEO Ideas!A104:D104,2.66,https://www.estudidentalcarrera.com/es/clinica-dental-lleida.html,clinica dental la seu lleida,Your page’s `body` tag does not contain your target keyword. Try to add this keyword to your page’s body.,body,exacta_url_keyword_idea,117,no_aplica,no_aplica,criteri_heretat,"Keyword de competidor o d’una ubicació aliena: clinica dental la seu lleida. No s’adapta el web de Carrera per presentar una altra clínica, professional o ciutat.",docs/seo-excel-2026-09-16/idees-revisades.csv; files 117,Decisió editorial heretada; no es compta com a idea implementada ni com a avís retirat.
105,SEO Ideas!A105:D105,2.66,https://www.estudidentalcarrera.com/es/clinica-dental-lleida.html,clinica dental la seu lleida,Your `H1` tag does not contain your target keyword. Try to add this keyword to your `H1` tag.,H1,exacta_url_keyword_idea,118,no_aplica,no_aplica,criteri_heretat,"Keyword de competidor o d’una ubicació aliena: clinica dental la seu lleida. No s’adapta el web de Carrera per presentar una altra clínica, professional o ciutat.",docs/seo-excel-2026-09-16/idees-revisades.csv; files 118,Decisió editorial heretada; no es compta com a idea implementada ni com a avís retirat.
106,SEO Ideas!A106:D106,2.66,https://www.estudidentalcarrera.com/es/clinica-dental-lleida.html,clinica dental la seu lleida,Your `title` page tag does not contain your target keyword. Try to add this keyword to your page `title` tag.,title,exacta_url_keyword_idea,119,no_aplica,no_aplica,criteri_heretat,"Keyword de competidor o d’una ubicació aliena: clinica dental la seu lleida. No s’adapta el web de Carrera per presentar una altra clínica, professional o ciutat.",docs/seo-excel-2026-09-16/idees-revisades.csv; files 119,Decisió editorial heretada; no es compta com a idea implementada ni com a avís retirat.
107,SEO Ideas!A107:D107,2.66,https://www.estudidentalcarrera.com/es/clinica-dental-lleida.html,clinica dental la seu lleida,"Compared to your rivals, some related words are not present in your page’s content. Try to enrich your page’s content with the following semantically related words: `clínica dental la seu`",semantica,exacta_url_keyword_idea,120,no_aplica,no_aplica,criteri_heretat,"Keyword de competidor o d’una ubicació aliena: clinica dental la seu lleida. No s’adapta el web de Carrera per presentar una altra clínica, professional o ciutat.",docs/seo-excel-2026-09-16/idees-revisades.csv; files 120,Decisió editorial heretada; no es compta com a idea implementada ni com a avís retirat.
108,SEO Ideas!A108:D108,2.66,https://www.estudidentalcarrera.com/es/clinica-dental-lleida.html,clinica dental la seu lleida,Try to acquire backlinks from the following domains: qdq.com,backlinks,exacta_url_keyword_idea,121,no_aplica,no_aplica,criteri_heretat,"Keyword de competidor o d’una ubicació aliena: clinica dental la seu lleida. No s’adapta el web de Carrera per presentar una altra clínica, professional o ciutat.",docs/seo-excel-2026-09-16/idees-revisades.csv; files 121,Decisió editorial heretada; no es compta com a idea implementada ni com a avís retirat.
109,SEO Ideas!A109:D109,2.66,https://www.estudidentalcarrera.com/es/clinica-dental-lleida.html,clinica dental la seu lleida,You may increase your click-through rate if you add an aggregate rating to this page <using the Physician markup code>.,estrelles_ressenyes,mateixa_categoria_text_canviat,122,no_aplica,no_aplica,criteri_heretat,"No s’afegeix AggregateRating per obtenir estrelles de ressenyes pròpies de la clínica. Canviar Dentist, Physician, Organization o ProfilePage al suggeriment no legitima qualificacions autocontrolades ni fictícies.",https://developers.google.com/search/docs/appearance/structured-data/review-snippet#guidelines,Cap marcatge de qualificacions afegit ni ressenya inventada.
110,SEO Ideas!A110:D110,2.66,https://www.estudidentalcarrera.com/es/clinica-dental-lleida.html,clinica dental lleida,"Try to acquire backlinks from the following domains: latipo.cat, accio.com, abadendentistas.com, docfav.com, qdq.com, bedentalexpert.com, gowork.com, mitjalleida.com, cursabomberslleida.com, poidata.io, nomas900.org",backlinks,exacta_url_keyword_idea,130,pendent_extern,pendent_extern,gestio_externa_pendent,"La llista de dominis és una proposta de Semrush. Cal comprovar la pàgina, pertinència i possibilitat real abans de gestionar cap fitxa o contacte.",docs/seo-onpage-2026-09-16/backlink-opportunities.md; docs/seo-excel-2026-09-16/idees-revisades.csv; files 130,"Cap missatge, alta, pagament ni enllaç aconseguit en aquesta tanda."
111,SEO Ideas!A111:D111,2.66,https://www.estudidentalcarrera.com/es/clinica-dental-lleida.html,clinica dental lleida,You may increase your click-through rate if you add an aggregate rating to this page <using the Physician markup code>.,estrelles_ressenyes,mateixa_categoria_text_canviat,131,no_aplica,no_aplica,criteri_heretat,"No s’afegeix AggregateRating per obtenir estrelles de ressenyes pròpies de la clínica. Canviar Dentist, Physician, Organization o ProfilePage al suggeriment no legitima qualificacions autocontrolades ni fictícies.",https://developers.google.com/search/docs/appearance/structured-data/review-snippet#guidelines,Cap marcatge de qualificacions afegit ni ressenya inventada.
112,SEO Ideas!A112:D112,2.66,https://www.estudidentalcarrera.com/es/clinica-dental-lleida.html,clinica qui,You may increase your click-through rate if you add an aggregate rating to this page <using the Physician markup code>.,estrelles_ressenyes,mateixa_categoria_text_canviat,116,no_aplica,no_aplica,criteri_heretat,"No s’afegeix AggregateRating per obtenir estrelles de ressenyes pròpies de la clínica. Canviar Dentist, Physician, Organization o ProfilePage al suggeriment no legitima qualificacions autocontrolades ni fictícies.",https://developers.google.com/search/docs/appearance/structured-data/review-snippet#guidelines,Cap marcatge de qualificacions afegit ni ressenya inventada.
113,SEO Ideas!A113:D113,2.66,https://www.estudidentalcarrera.com/es/clinica-dental-lleida.html,dentista de urgencias,Your page’s `body` tag does not contain your target keyword. Try to add this keyword to your page’s body.,body,exacta_url_keyword_idea,123,ja_cobert_actualment,cobertura_heretada,contingut_ja_revisat,"Cobertura documentada a la revisió del 16/09: El cos de la landing de Lleida ja orienta a trucar per valorar prioritat i disponibilitat, evita esperar el formulari i remet al 112 davant urgència vital. No es promet servei permanent.",docs/seo-excel-2026-09-16/idees-revisades.csv; files 123,La cobertura editorial prèvia no acredita que Semrush hagi retirat l’avís.
114,SEO Ideas!A114:D114,2.66,https://www.estudidentalcarrera.com/es/clinica-dental-lleida.html,dentista de urgencias,Your `H1` tag does not contain your target keyword. Try to add this keyword to your `H1` tag.,H1,exacta_url_keyword_idea,124,no_aplica,no_aplica,criteri_heretat,Es manté la landing general de clínica dental i la indicació de trucar segons prioritat/disponibilitat. No es força la keyword d’urgències a cada camp ni una ampliació de text que suggereixi un servei dedicat no confirmat.,docs/seo-excel-2026-09-16/idees-revisades.csv; files 124,Decisió editorial heretada; no es compta com a idea implementada ni com a avís retirat.
115,SEO Ideas!A115:D115,2.66,https://www.estudidentalcarrera.com/es/clinica-dental-lleida.html,dentista de urgencias,Your `title` page tag does not contain your target keyword. Try to add this keyword to your page `title` tag.,title,exacta_url_keyword_idea,125,no_aplica,no_aplica,criteri_heretat,Es manté la landing general de clínica dental i la indicació de trucar segons prioritat/disponibilitat. No es força la keyword d’urgències a cada camp ni una ampliació de text que suggereixi un servei dedicat no confirmat.,docs/seo-excel-2026-09-16/idees-revisades.csv; files 125,Decisió editorial heretada; no es compta com a idea implementada ni com a avís retirat.
116,SEO Ideas!A116:D116,2.66,https://www.estudidentalcarrera.com/es/clinica-dental-lleida.html,dentista de urgencias,Your page’s meta description does not contain your target keyword. Try to add this keyword to your page `meta` tag.,meta_description,exacta_url_keyword_idea,126,no_aplica,no_aplica,criteri_heretat,Es manté la landing general de clínica dental i la indicació de trucar segons prioritat/disponibilitat. No es força la keyword d’urgències a cada camp ni una ampliació de text que suggereixi un servei dedicat no confirmat.,docs/seo-excel-2026-09-16/idees-revisades.csv; files 126,Decisió editorial heretada; no es compta com a idea implementada ni com a avís retirat.
117,SEO Ideas!A117:D117,2.66,https://www.estudidentalcarrera.com/es/clinica-dental-lleida.html,dentista de urgencias,"Compared to your rivals, some related words are not present in your page’s content. Try to enrich your page’s content with the following semantically related words: `servicio de urgencias`, `pide cita`",semantica,exacta_url_keyword_idea,127,no_aplica,no_aplica,criteri_heretat,Es manté la landing general de clínica dental i la indicació de trucar segons prioritat/disponibilitat. No es força la keyword d’urgències a cada camp ni una ampliació de text que suggereixi un servei dedicat no confirmat.,docs/seo-excel-2026-09-16/idees-revisades.csv; files 127,Decisió editorial heretada; no es compta com a idea implementada ni com a avís retirat.
118,SEO Ideas!A118:D118,2.66,https://www.estudidentalcarrera.com/es/clinica-dental-lleida.html,dentista de urgencias,"Try to acquire backlinks from the following domains: cantabriaeconomica.com, diariocomo.es, corporate.es, diariosigloxxi.com",backlinks,exacta_url_keyword_idea,128,pendent_extern,pendent_extern,gestio_externa_pendent,"La llista de dominis és una proposta de Semrush. Cal comprovar la pàgina, pertinència i possibilitat real abans de gestionar cap fitxa o contacte.",docs/seo-onpage-2026-09-16/backlink-opportunities.md; docs/seo-excel-2026-09-16/idees-revisades.csv; files 128,"Cap missatge, alta, pagament ni enllaç aconseguit en aquesta tanda."
119,SEO Ideas!A119:D119,2.66,https://www.estudidentalcarrera.com/es/clinica-dental-lleida.html,dentista de urgencias,You may increase your click-through rate if you add an aggregate rating to this page <using the Physician markup code>.,estrelles_ressenyes,mateixa_categoria_text_canviat,129,no_aplica,no_aplica,criteri_heretat,"No s’afegeix AggregateRating per obtenir estrelles de ressenyes pròpies de la clínica. Canviar Dentist, Physician, Organization o ProfilePage al suggeriment no legitima qualificacions autocontrolades ni fictícies.",https://developers.google.com/search/docs/appearance/structured-data/review-snippet#guidelines,Cap marcatge de qualificacions afegit ni ressenya inventada.
120,SEO Ideas!A120:D120,2.66,https://www.estudidentalcarrera.com/es/clinica-dental-lleida.html,clinica dental qui,You may increase your click-through rate if you add an aggregate rating to this page <using the Physician markup code>.,estrelles_ressenyes,mateixa_categoria_text_canviat,132,no_aplica,no_aplica,criteri_heretat,"No s’afegeix AggregateRating per obtenir estrelles de ressenyes pròpies de la clínica. Canviar Dentist, Physician, Organization o ProfilePage al suggeriment no legitima qualificacions autocontrolades ni fictícies.",https://developers.google.com/search/docs/appearance/structured-data/review-snippet#guidelines,Cap marcatge de qualificacions afegit ni ressenya inventada.
121,SEO Ideas!A121:D121,2.66,https://www.estudidentalcarrera.com/es/clinica-dental-lleida.html,dentistas en lleida,Your `H1` tag does not contain your target keyword. Try to add this keyword to your `H1` tag.,H1,mateixa_keyword_idea_url_canviada,175,reassignacio_confirmada,no_aplica,assignacio_correcta_criteri_editorial,L’H1 descriu clínica dental en Lleida i el lead explicita Nuestro equipo de dentistas en Lleida.,HTML renderitzat de data/landing-pages.js + data/service-enrichment.js; revisió independent 18/09/2026,"Comprovar futura reanàlisi, sense forçar coincidències literals ni alterar la intenció principal."
122,SEO Ideas!A122:D122,2.66,https://www.estudidentalcarrera.com/es/clinica-dental-lleida.html,dentistas en lleida,Your `title` page tag does not contain your target keyword. Try to add this keyword to your page `title` tag.,title,mateixa_keyword_idea_url_canviada,176,reassignacio_confirmada,no_aplica,assignacio_correcta_criteri_editorial,El title descriu Clínica dental Lleida; la forma plural dentistas en lleida ja és al lead i a la meta.,HTML renderitzat de data/landing-pages.js + data/service-enrichment.js; revisió independent 18/09/2026,"Comprovar futura reanàlisi, sense forçar coincidències literals ni alterar la intenció principal."
123,SEO Ideas!A123:D123,2.66,https://www.estudidentalcarrera.com/es/clinica-dental-lleida.html,dentistas en lleida,Your page’s meta description does not contain your target keyword. Try to add this keyword to your page `meta` tag.,meta_description,categoria_nova_per_keyword,,,aplicat_publicat_verificat,canvi_local_verificat,Canvi aplicat al codi local: Meta de Lleida: incorporar una menció natural a dentistas en Lleida. Comparteix la mateixa meta amb la fila 92.,"data/landing-pages.js (es-lleida); build i 95/95 proves aprovades; 8/8 pàgines verificades en navegador a 320 i 390 px sense desbordament ni àncores invàlides, segons l’agent principal el 18/09/2026; commit 78202a1, verificacio-publicacio.json: contingut públic verificat",Nova reanàlisi de Semrush i seguiment de dades reals. La publicació no acredita retirada de l’avís ni millora de posicions.
124,SEO Ideas!A124:D124,2.66,https://www.estudidentalcarrera.com/es/clinica-dental-lleida.html,dentistas en lleida,"Try to acquire backlinks from the following domains: accio.com, latipo.cat, docfav.com, qdq.com, bedentalexpert.com, mitjalleida.com, cursabomberslleida.com, poidata.io",backlinks,mateixa_keyword_idea_url_canviada,177,pendent_extern,pendent_extern,gestio_externa_pendent,"La llista de dominis és una proposta de Semrush. Cal comprovar la pàgina, pertinència i possibilitat real abans de gestionar cap fitxa o contacte.",docs/seo-onpage-2026-09-16/backlink-opportunities.md; docs/seo-excel-2026-09-16/idees-revisades.csv; files 177,"Cap missatge, alta, pagament ni enllaç aconseguit en aquesta tanda."
125,SEO Ideas!A125:D125,2.66,https://www.estudidentalcarrera.com/es/clinica-dental-lleida.html,dentistas en lleida,You may increase your click-through rate if you add an aggregate rating to this page <using the Physician markup code>.,estrelles_ressenyes,mateixa_categoria_text_canviat,179,no_aplica,no_aplica,criteri_heretat,"No s’afegeix AggregateRating per obtenir estrelles de ressenyes pròpies de la clínica. Canviar Dentist, Physician, Organization o ProfilePage al suggeriment no legitima qualificacions autocontrolades ni fictícies.",https://developers.google.com/search/docs/appearance/structured-data/review-snippet#guidelines,Cap marcatge de qualificacions afegit ni ressenya inventada.
126,SEO Ideas!A126:D126,2.66,https://www.estudidentalcarrera.com/es/clinica-dental-lleida.html,urgencia dental,Your `H1` tag does not contain your target keyword. Try to add this keyword to your `H1` tag.,H1,exacta_url_keyword_idea,140,no_aplica,no_aplica,criteri_heretat,Es manté la landing general de clínica dental i la indicació de trucar segons prioritat/disponibilitat. No es força la keyword d’urgències a cada camp ni una ampliació de text que suggereixi un servei dedicat no confirmat.,docs/seo-excel-2026-09-16/idees-revisades.csv; files 140,Decisió editorial heretada; no es compta com a idea implementada ni com a avís retirat.
127,SEO Ideas!A127:D127,2.66,https://www.estudidentalcarrera.com/es/clinica-dental-lleida.html,urgencia dental,Your `title` page tag does not contain your target keyword. Try to add this keyword to your page `title` tag.,title,exacta_url_keyword_idea,141,no_aplica,no_aplica,criteri_heretat,Es manté la landing general de clínica dental i la indicació de trucar segons prioritat/disponibilitat. No es força la keyword d’urgències a cada camp ni una ampliació de text que suggereixi un servei dedicat no confirmat.,docs/seo-excel-2026-09-16/idees-revisades.csv; files 141,Decisió editorial heretada; no es compta com a idea implementada ni com a avís retirat.
128,SEO Ideas!A128:D128,2.66,https://www.estudidentalcarrera.com/es/clinica-dental-lleida.html,urgencia dental,Your page’s meta description does not contain your target keyword. Try to add this keyword to your page `meta` tag.,meta_description,exacta_url_keyword_idea,142,no_aplica,no_aplica,criteri_heretat,Es manté la landing general de clínica dental i la indicació de trucar segons prioritat/disponibilitat. No es força la keyword d’urgències a cada camp ni una ampliació de text que suggereixi un servei dedicat no confirmat.,docs/seo-excel-2026-09-16/idees-revisades.csv; files 142,Decisió editorial heretada; no es compta com a idea implementada ni com a avís retirat.
129,SEO Ideas!A129:D129,2.66,https://www.estudidentalcarrera.com/es/clinica-dental-lleida.html,urgencia dental,"Compared to your rivals, some related words are not present in your page’s content. Try to enrich your page’s content with the following semantically related words: `tratamientos dentales`, `salud dental`, `tipo de urgencia`, `dolor intenso`",semantica,mateixa_categoria_text_canviat,143,no_aplica,aplicat_publicat_verificat,canvi_local_verificat,"Canvi aplicat al codi local: Clarificar el bloc d’urgències: trucada a recepció, prioritat i disponibilitat, orientació 061 i emergència 112. La llista nova només afegeix tratamientos dentales; no es promet servei 24/7.","data/service-enrichment.js (urgencias-dentales/urgencies-dentals); https://canalsalut.gencat.cat/ca/contacte/; https://www.nhs.uk/conditions/dental-abscess/; build i 95/95 proves aprovades; 8/8 pàgines verificades en navegador a 320 i 390 px sense desbordament ni àncores invàlides, segons l’agent principal el 18/09/2026; commit 78202a1, verificacio-publicacio.json: contingut públic verificat",Nova reanàlisi de Semrush i seguiment de dades reals. La publicació no acredita retirada de l’avís ni millora de posicions.
130,SEO Ideas!A130:D130,2.66,https://www.estudidentalcarrera.com/es/clinica-dental-lleida.html,urgencia dental,"Compared to your rivals, your page has a relatively low word count. Try to increase the length of your page content.",extensio,exacta_url_keyword_idea,144,no_aplica,no_aplica,criteri_heretat,Es manté la landing general de clínica dental i la indicació de trucar segons prioritat/disponibilitat. No es força la keyword d’urgències a cada camp ni una ampliació de text que suggereixi un servei dedicat no confirmat.,docs/seo-excel-2026-09-16/idees-revisades.csv; files 144,Decisió editorial heretada; no es compta com a idea implementada ni com a avís retirat.
131,SEO Ideas!A131:D131,2.66,https://www.estudidentalcarrera.com/es/clinica-dental-lleida.html,urgencia dental,You may increase your click-through rate if you add an aggregate rating to this page <using the Physician markup code>.,estrelles_ressenyes,mateixa_categoria_text_canviat,145,no_aplica,no_aplica,criteri_heretat,"No s’afegeix AggregateRating per obtenir estrelles de ressenyes pròpies de la clínica. Canviar Dentist, Physician, Organization o ProfilePage al suggeriment no legitima qualificacions autocontrolades ni fictícies.",https://developers.google.com/search/docs/appearance/structured-data/review-snippet#guidelines,Cap marcatge de qualificacions afegit ni ressenya inventada.
132,SEO Ideas!A132:D132,2.66,https://www.estudidentalcarrera.com/es/clinica-dental-lleida.html,dentista urgencias lleida,Your `H1` tag does not contain your target keyword. Try to add this keyword to your `H1` tag.,H1,exacta_url_keyword_idea,146,no_aplica,no_aplica,criteri_heretat,Es manté la landing general de clínica dental i la indicació de trucar segons prioritat/disponibilitat. No es força la keyword d’urgències a cada camp ni una ampliació de text que suggereixi un servei dedicat no confirmat.,docs/seo-excel-2026-09-16/idees-revisades.csv; files 146,Decisió editorial heretada; no es compta com a idea implementada ni com a avís retirat.
133,SEO Ideas!A133:D133,2.66,https://www.estudidentalcarrera.com/es/clinica-dental-lleida.html,dentista urgencias lleida,Your `title` page tag does not contain your target keyword. Try to add this keyword to your page `title` tag.,title,exacta_url_keyword_idea,147,no_aplica,no_aplica,criteri_heretat,Es manté la landing general de clínica dental i la indicació de trucar segons prioritat/disponibilitat. No es força la keyword d’urgències a cada camp ni una ampliació de text que suggereixi un servei dedicat no confirmat.,docs/seo-excel-2026-09-16/idees-revisades.csv; files 147,Decisió editorial heretada; no es compta com a idea implementada ni com a avís retirat.
134,SEO Ideas!A134:D134,2.66,https://www.estudidentalcarrera.com/es/clinica-dental-lleida.html,dentista urgencias lleida,"Try to acquire backlinks from the following domains: accio.com, docfav.com, bedentalexpert.com, mitjalleida.com, cursabomberslleida.com",backlinks,exacta_url_keyword_idea,148,pendent_extern,pendent_extern,gestio_externa_pendent,"La llista de dominis és una proposta de Semrush. Cal comprovar la pàgina, pertinència i possibilitat real abans de gestionar cap fitxa o contacte.",docs/seo-onpage-2026-09-16/backlink-opportunities.md; docs/seo-excel-2026-09-16/idees-revisades.csv; files 148,"Cap missatge, alta, pagament ni enllaç aconseguit en aquesta tanda."
135,SEO Ideas!A135:D135,2.66,https://www.estudidentalcarrera.com/es/clinica-dental-lleida.html,dentista urgencias lleida,You may increase your click-through rate if you add an aggregate rating to this page <using the Physician markup code>.,estrelles_ressenyes,mateixa_categoria_text_canviat,149,no_aplica,no_aplica,criteri_heretat,"No s’afegeix AggregateRating per obtenir estrelles de ressenyes pròpies de la clínica. Canviar Dentist, Physician, Organization o ProfilePage al suggeriment no legitima qualificacions autocontrolades ni fictícies.",https://developers.google.com/search/docs/appearance/structured-data/review-snippet#guidelines,Cap marcatge de qualificacions afegit ni ressenya inventada.
136,SEO Ideas!A136:D136,2.66,https://www.estudidentalcarrera.com/es/clinica-dental-lleida.html,dentista urgencias,Your page’s `body` tag does not contain your target keyword. Try to add this keyword to your page’s body.,body,exacta_url_keyword_idea,150,ja_cobert_actualment,cobertura_heretada,contingut_ja_revisat,"Cobertura documentada a la revisió del 16/09: El cos de la landing de Lleida ja orienta a trucar per valorar prioritat i disponibilitat, evita esperar el formulari i remet al 112 davant urgència vital. No es promet servei permanent.",docs/seo-excel-2026-09-16/idees-revisades.csv; files 150,La cobertura editorial prèvia no acredita que Semrush hagi retirat l’avís.
137,SEO Ideas!A137:D137,2.66,https://www.estudidentalcarrera.com/es/clinica-dental-lleida.html,dentista urgencias,Your `H1` tag does not contain your target keyword. Try to add this keyword to your `H1` tag.,H1,exacta_url_keyword_idea,151,no_aplica,no_aplica,criteri_heretat,Es manté la landing general de clínica dental i la indicació de trucar segons prioritat/disponibilitat. No es força la keyword d’urgències a cada camp ni una ampliació de text que suggereixi un servei dedicat no confirmat.,docs/seo-excel-2026-09-16/idees-revisades.csv; files 151,Decisió editorial heretada; no es compta com a idea implementada ni com a avís retirat.
138,SEO Ideas!A138:D138,2.66,https://www.estudidentalcarrera.com/es/clinica-dental-lleida.html,dentista urgencias,Your `title` page tag does not contain your target keyword. Try to add this keyword to your page `title` tag.,title,exacta_url_keyword_idea,152,no_aplica,no_aplica,criteri_heretat,Es manté la landing general de clínica dental i la indicació de trucar segons prioritat/disponibilitat. No es força la keyword d’urgències a cada camp ni una ampliació de text que suggereixi un servei dedicat no confirmat.,docs/seo-excel-2026-09-16/idees-revisades.csv; files 152,Decisió editorial heretada; no es compta com a idea implementada ni com a avís retirat.
139,SEO Ideas!A139:D139,2.66,https://www.estudidentalcarrera.com/es/clinica-dental-lleida.html,dentista urgencias,Your page’s meta description does not contain your target keyword. Try to add this keyword to your page `meta` tag.,meta_description,exacta_url_keyword_idea,153,no_aplica,no_aplica,criteri_heretat,Es manté la landing general de clínica dental i la indicació de trucar segons prioritat/disponibilitat. No es força la keyword d’urgències a cada camp ni una ampliació de text que suggereixi un servei dedicat no confirmat.,docs/seo-excel-2026-09-16/idees-revisades.csv; files 153,Decisió editorial heretada; no es compta com a idea implementada ni com a avís retirat.
140,SEO Ideas!A140:D140,2.66,https://www.estudidentalcarrera.com/es/clinica-dental-lleida.html,dentista urgencias,Try to acquire backlinks from the following domains: accio.com,backlinks,exacta_url_keyword_idea,154,pendent_extern,pendent_extern,gestio_externa_pendent,"La llista de dominis és una proposta de Semrush. Cal comprovar la pàgina, pertinència i possibilitat real abans de gestionar cap fitxa o contacte.",docs/seo-onpage-2026-09-16/backlink-opportunities.md; docs/seo-excel-2026-09-16/idees-revisades.csv; files 154,"Cap missatge, alta, pagament ni enllaç aconseguit en aquesta tanda."
141,SEO Ideas!A141:D141,2.66,https://www.estudidentalcarrera.com/es/clinica-dental-lleida.html,dentista urgencias,You may increase your click-through rate if you add an aggregate rating to this page <using the Physician markup code>.,estrelles_ressenyes,mateixa_categoria_text_canviat,155,no_aplica,no_aplica,criteri_heretat,"No s’afegeix AggregateRating per obtenir estrelles de ressenyes pròpies de la clínica. Canviar Dentist, Physician, Organization o ProfilePage al suggeriment no legitima qualificacions autocontrolades ni fictícies.",https://developers.google.com/search/docs/appearance/structured-data/review-snippet#guidelines,Cap marcatge de qualificacions afegit ni ressenya inventada.
142,SEO Ideas!A142:D142,0.26,https://www.estudidentalcarrera.com/es/periodoncia-endodoncia.html,cirugia periodontal en lleida,Your `H1` tag does not contain your target keyword. Try to add this keyword to your `H1` tag.,H1,mateixa_keyword_idea_url_canviada,237,reassignacio_confirmada,no_aplica,assignacio_correcta_criteri_editorial,"La cirurgia periodontal és una opció condicionada a la valoració i resposta al tractament, explicada al cos; no ha de substituir el tema principal de l’H1.",HTML renderitzat de data/landing-pages.js + data/service-enrichment.js; revisió independent 18/09/2026,"Comprovar futura reanàlisi, sense forçar coincidències literals ni alterar la intenció principal."
143,SEO Ideas!A143:D143,0.26,https://www.estudidentalcarrera.com/es/periodoncia-endodoncia.html,cirugia periodontal en lleida,Your `title` page tag does not contain your target keyword. Try to add this keyword to your page `title` tag.,title,mateixa_keyword_idea_url_canviada,238,reassignacio_confirmada,no_aplica,assignacio_correcta_criteri_editorial,"La cirurgia periodontal és una opció condicionada a la valoració i resposta al tractament, explicada al cos; no ha de substituir el tema principal del title.",HTML renderitzat de data/landing-pages.js + data/service-enrichment.js; revisió independent 18/09/2026,"Comprovar futura reanàlisi, sense forçar coincidències literals ni alterar la intenció principal."
144,SEO Ideas!A144:D144,0.26,https://www.estudidentalcarrera.com/es/periodoncia-endodoncia.html,cirugia periodontal en lleida,"Compared to your rivals, some related words are not present in your page’s content. Try to enrich your page’s content with the following semantically related words: `enfermedades periodontales`, `enfermedad periodontal`",semantica,mateixa_categoria_text_canviat,239,reassignacio_confirmada,aplicat_publicat_verificat,canvi_local_verificat,"Canvi aplicat al codi local: Fer explícit el terme malaltia periodontal al bloc que explica gingivitis i periodontitis, mantenint la valoració individual. La llista de termes s’ha escurçat respecte del 16/09.","data/landing-pages.js (es-perio); https://www.nidcr.nih.gov/health-info/gum-disease; build i 95/95 proves aprovades; 8/8 pàgines verificades en navegador a 320 i 390 px sense desbordament ni àncores invàlides, segons l’agent principal el 18/09/2026; commit 78202a1, verificacio-publicacio.json: contingut públic verificat",Nova reanàlisi de Semrush i seguiment de dades reals. La publicació no acredita retirada de l’avís ni millora de posicions.
145,SEO Ideas!A145:D145,0.26,https://www.estudidentalcarrera.com/es/periodoncia-endodoncia.html,cirugia periodontal en lleida,"Try to acquire backlinks from the following domains: qdq.com, totlleida.cat",backlinks,mateixa_keyword_idea_url_canviada,240,pendent_extern,pendent_extern,gestio_externa_pendent,"La llista de dominis és una proposta de Semrush. Cal comprovar la pàgina, pertinència i possibilitat real abans de gestionar cap fitxa o contacte.",docs/seo-onpage-2026-09-16/backlink-opportunities.md; docs/seo-excel-2026-09-16/idees-revisades.csv; files 240,"Cap missatge, alta, pagament ni enllaç aconseguit en aquesta tanda."
146,SEO Ideas!A146:D146,0.26,https://www.estudidentalcarrera.com/es/periodoncia-endodoncia.html,cirugia periodontal en lleida,You may increase your click-through rate if you add an aggregate rating to this page <using the Physician markup code>.,estrelles_ressenyes,mateixa_keyword_idea_url_canviada,241,no_aplica,no_aplica,criteri_heretat,"No s’afegeix AggregateRating per obtenir estrelles de ressenyes pròpies de la clínica. Canviar Dentist, Physician, Organization o ProfilePage al suggeriment no legitima qualificacions autocontrolades ni fictícies.",https://developers.google.com/search/docs/appearance/structured-data/review-snippet#guidelines,Cap marcatge de qualificacions afegit ni ressenya inventada.
147,SEO Ideas!A147:D147,0.26,https://www.estudidentalcarrera.com/es/periodoncia-endodoncia.html,limpieza dental lleida,Your `H1` tag does not contain your target keyword. Try to add this keyword to your `H1` tag.,H1,exacta_url_keyword_idea,156,no_aplica,no_aplica,criteri_heretat,No es concentra cada keyword secundària al mateix H1/title. Es manté el tema principal de la pàgina i la consulta queda situada en un H2 específic ja existent.,docs/seo-excel-2026-09-16/idees-revisades.csv; files 156,Decisió editorial heretada; no es compta com a idea implementada ni com a avís retirat.
148,SEO Ideas!A148:D148,0.26,https://www.estudidentalcarrera.com/es/periodoncia-endodoncia.html,limpieza dental lleida,Your `title` page tag does not contain your target keyword. Try to add this keyword to your page `title` tag.,title,exacta_url_keyword_idea,157,no_aplica,no_aplica,criteri_heretat,No es concentra cada keyword secundària al mateix H1/title. Es manté el tema principal de la pàgina i la consulta queda situada en un H2 específic ja existent.,docs/seo-excel-2026-09-16/idees-revisades.csv; files 157,Decisió editorial heretada; no es compta com a idea implementada ni com a avís retirat.
149,SEO Ideas!A149:D149,0.26,https://www.estudidentalcarrera.com/es/periodoncia-endodoncia.html,limpieza dental lleida,Your page’s meta description does not contain your target keyword. Try to add this keyword to your page `meta` tag.,meta_description,exacta_url_keyword_idea,158,aplicat_ara,cobertura_verificada,cobertura_publica_verificada,La comprovació independent de l’HTML públic confirma la cobertura semàntica del tractament i la ubicació. La keyword exacta no és una cadena contigua; es manté el text natural. Això no acredita el tancament de l’avís a Semrush.,"HTTP públic fresc 18/09/2026: 200, canonical correcte, x-vercel-cache MISS, age 0. Meta: Periodoncia, limpieza dental y endodoncia en Lleida y Tremp. Revisamos encías, dolor dental y opciones para conservar los dientes, con seguimiento individual. Comprovació de l’agent independent comunicada per l’agent principal; contingut anterior a la tanda del 18/09.",Només resta confirmar la nova lectura de Semrush; no cal repetir el canvi de metadades per una coincidència literal.
150,SEO Ideas!A150:D150,0.26,https://www.estudidentalcarrera.com/es/periodoncia-endodoncia.html,limpieza dental lleida,Try to acquire backlinks from the following domains: qdq.com,backlinks,exacta_url_keyword_idea,159,pendent_extern,pendent_extern,gestio_externa_pendent,"La llista de dominis és una proposta de Semrush. Cal comprovar la pàgina, pertinència i possibilitat real abans de gestionar cap fitxa o contacte.",docs/seo-onpage-2026-09-16/backlink-opportunities.md; docs/seo-excel-2026-09-16/idees-revisades.csv; files 159,"Cap missatge, alta, pagament ni enllaç aconseguit en aquesta tanda."
151,SEO Ideas!A151:D151,0.26,https://www.estudidentalcarrera.com/es/periodoncia-endodoncia.html,limpieza dental lleida,You may increase your click-through rate if you add an aggregate rating to this page <using the Physician markup code>.,estrelles_ressenyes,exacta_url_keyword_idea,160,no_aplica,no_aplica,criteri_heretat,"No s’afegeix AggregateRating per obtenir estrelles de ressenyes pròpies de la clínica. Canviar Dentist, Physician, Organization o ProfilePage al suggeriment no legitima qualificacions autocontrolades ni fictícies.",https://developers.google.com/search/docs/appearance/structured-data/review-snippet#guidelines,Cap marcatge de qualificacions afegit ni ressenya inventada.
152,SEO Ideas!A152:D152,0.26,https://www.estudidentalcarrera.com/es/periodoncia-endodoncia.html,periodoncia lleida,Your `H1` tag does not contain your target keyword. Try to add this keyword to your `H1` tag.,H1,exacta_url_keyword_idea,161,ja_cobert_actualment,cobertura_heretada,contingut_ja_revisat,Cobertura documentada a la revisió del 16/09: L’H1 ja identifica periodòncia i endodòncia a Lleida i Tremp.,docs/seo-excel-2026-09-16/idees-revisades.csv; files 161,La cobertura editorial prèvia no acredita que Semrush hagi retirat l’avís.
153,SEO Ideas!A153:D153,0.26,https://www.estudidentalcarrera.com/es/periodoncia-endodoncia.html,periodoncia lleida,Your `title` page tag does not contain your target keyword. Try to add this keyword to your page `title` tag.,title,exacta_url_keyword_idea,162,ja_cobert_actualment,cobertura_heretada,contingut_ja_revisat,Cobertura documentada a la revisió del 16/09: El title ja identifica periodòncia i endodòncia a Lleida i Tremp.,docs/seo-excel-2026-09-16/idees-revisades.csv; files 162,La cobertura editorial prèvia no acredita que Semrush hagi retirat l’avís.
154,SEO Ideas!A154:D154,0.26,https://www.estudidentalcarrera.com/es/periodoncia-endodoncia.html,periodoncia lleida,Your page’s meta description does not contain your target keyword. Try to add this keyword to your page `meta` tag.,meta_description,exacta_url_keyword_idea,163,ja_cobert_actualment,cobertura_heretada,contingut_ja_revisat,Cobertura documentada a la revisió del 16/09: La descripció anterior ja incloïa periodòncia i Lleida. La nova redacció manté aquesta cobertura i hi afegeix neteja dental; no es compta com una absència resolta ara.,docs/seo-excel-2026-09-16/idees-revisades.csv; files 163,La cobertura editorial prèvia no acredita que Semrush hagi retirat l’avís.
155,SEO Ideas!A155:D155,0.26,https://www.estudidentalcarrera.com/es/periodoncia-endodoncia.html,periodoncia lleida,Try to acquire backlinks from the following domains: qdq.com,backlinks,exacta_url_keyword_idea,164,pendent_extern,pendent_extern,gestio_externa_pendent,"La llista de dominis és una proposta de Semrush. Cal comprovar la pàgina, pertinència i possibilitat real abans de gestionar cap fitxa o contacte.",docs/seo-onpage-2026-09-16/backlink-opportunities.md; docs/seo-excel-2026-09-16/idees-revisades.csv; files 164,"Cap missatge, alta, pagament ni enllaç aconseguit en aquesta tanda."
156,SEO Ideas!A156:D156,0.26,https://www.estudidentalcarrera.com/es/periodoncia-endodoncia.html,periodoncia lleida,You may increase your click-through rate if you add an aggregate rating to this page <using the Physician markup code>.,estrelles_ressenyes,exacta_url_keyword_idea,165,no_aplica,no_aplica,criteri_heretat,"No s’afegeix AggregateRating per obtenir estrelles de ressenyes pròpies de la clínica. Canviar Dentist, Physician, Organization o ProfilePage al suggeriment no legitima qualificacions autocontrolades ni fictícies.",https://developers.google.com/search/docs/appearance/structured-data/review-snippet#guidelines,Cap marcatge de qualificacions afegit ni ressenya inventada.
157,SEO Ideas!A157:D157,0.26,https://www.estudidentalcarrera.com/es/periodoncia-endodoncia.html,periodoncia en lleida,Your `H1` tag does not contain your target keyword. Try to add this keyword to your `H1` tag.,H1,mateixa_keyword_idea_url_canviada,134,reassignacio_confirmada,no_aplica,assignacio_correcta_criteri_editorial,L’H1 Periodoncia y endodoncia en Lleida y Tremp cobreix servei i ubicació amb connectors naturals.,HTML renderitzat de data/landing-pages.js + data/service-enrichment.js; revisió independent 18/09/2026,"Comprovar futura reanàlisi, sense forçar coincidències literals ni alterar la intenció principal."
158,SEO Ideas!A158:D158,0.26,https://www.estudidentalcarrera.com/es/periodoncia-endodoncia.html,periodoncia en lleida,Your `title` page tag does not contain your target keyword. Try to add this keyword to your page `title` tag.,title,mateixa_keyword_idea_url_canviada,135,reassignacio_confirmada,no_aplica,assignacio_correcta_criteri_editorial,El title Periodoncia y endodoncia en Lleida y Tremp cobreix servei i ubicació amb connectors naturals.,HTML renderitzat de data/landing-pages.js + data/service-enrichment.js; revisió independent 18/09/2026,"Comprovar futura reanàlisi, sense forçar coincidències literals ni alterar la intenció principal."
159,SEO Ideas!A159:D159,0.26,https://www.estudidentalcarrera.com/es/periodoncia-endodoncia.html,periodoncia en lleida,Your page’s meta description does not contain your target keyword. Try to add this keyword to your page `meta` tag.,meta_description,mateixa_keyword_idea_url_canviada,136,reassignacio_confirmada,no_aplica,assignacio_correcta_criteri_editorial,"La meta inclou periodoncia, limpieza dental y endodoncia en Lleida y Tremp; no requereix repetir cada combinació servei+ciutat.",HTML renderitzat de data/landing-pages.js + data/service-enrichment.js; revisió independent 18/09/2026,"Comprovar futura reanàlisi, sense forçar coincidències literals ni alterar la intenció principal."
160,SEO Ideas!A160:D160,0.26,https://www.estudidentalcarrera.com/es/periodoncia-endodoncia.html,periodoncia en lleida,Try to acquire backlinks from the following domains: qdq.com,backlinks,mateixa_keyword_idea_url_canviada,138,pendent_extern,pendent_extern,gestio_externa_pendent,"La llista de dominis és una proposta de Semrush. Cal comprovar la pàgina, pertinència i possibilitat real abans de gestionar cap fitxa o contacte.",docs/seo-onpage-2026-09-16/backlink-opportunities.md; docs/seo-excel-2026-09-16/idees-revisades.csv; files 138,"Cap missatge, alta, pagament ni enllaç aconseguit en aquesta tanda."
161,SEO Ideas!A161:D161,0.26,https://www.estudidentalcarrera.com/es/periodoncia-endodoncia.html,periodoncia en lleida,You may increase your click-through rate if you add an aggregate rating to this page <using the Physician markup code>.,estrelles_ressenyes,mateixa_categoria_text_canviat,139,no_aplica,no_aplica,criteri_heretat,"No s’afegeix AggregateRating per obtenir estrelles de ressenyes pròpies de la clínica. Canviar Dentist, Physician, Organization o ProfilePage al suggeriment no legitima qualificacions autocontrolades ni fictícies.",https://developers.google.com/search/docs/appearance/structured-data/review-snippet#guidelines,Cap marcatge de qualificacions afegit ni ressenya inventada.
162,SEO Ideas!A162:D162,0.26,https://www.estudidentalcarrera.com/es/periodoncia-endodoncia.html,endodoncia lleida,Try to acquire backlinks from the following domains: qdq.com,backlinks,exacta_url_keyword_idea,166,pendent_extern,pendent_extern,gestio_externa_pendent,"La llista de dominis és una proposta de Semrush. Cal comprovar la pàgina, pertinència i possibilitat real abans de gestionar cap fitxa o contacte.",docs/seo-onpage-2026-09-16/backlink-opportunities.md; docs/seo-excel-2026-09-16/idees-revisades.csv; files 166,"Cap missatge, alta, pagament ni enllaç aconseguit en aquesta tanda."
163,SEO Ideas!A163:D163,0.26,https://www.estudidentalcarrera.com/es/periodoncia-endodoncia.html,endodoncia lleida,You may increase your click-through rate if you add an aggregate rating to this page <using the Physician markup code>.,estrelles_ressenyes,exacta_url_keyword_idea,167,no_aplica,no_aplica,criteri_heretat,"No s’afegeix AggregateRating per obtenir estrelles de ressenyes pròpies de la clínica. Canviar Dentist, Physician, Organization o ProfilePage al suggeriment no legitima qualificacions autocontrolades ni fictícies.",https://developers.google.com/search/docs/appearance/structured-data/review-snippet#guidelines,Cap marcatge de qualificacions afegit ni ressenya inventada.
164,SEO Ideas!A164:D164,0.00,https://www.estudidentalcarrera.com/equip.html,carme roure lleida,"Compared to your rivals, your text-based content is difficult to read and understand. Try to improve your content's readability.",llegibilitat,exacta_url_keyword_idea,180,no_aplica,no_aplica,criteri_heretat,"L’Excel aplica una anàlisi de llegibilitat a equip.html, que és en català. Semrush no inclou el català entre els idiomes compatibles amb aquest indicador; no s’usa aquest valor per reescriure perfils professionals.",docs/seo-excel-2026-09-16/idees-revisades.csv; files 180,Decisió editorial heretada; no es compta com a idea implementada ni com a avís retirat.
165,SEO Ideas!A165:D165,0.14,https://www.estudidentalcarrera.com/es/implantes-dentales.html,implantes dentales lleida,"Try to acquire backlinks from the following domains: qdq.com, totlleida.cat",backlinks,exacta_url_keyword_idea,206,pendent_extern,pendent_extern,gestio_externa_pendent,"La llista de dominis és una proposta de Semrush. Cal comprovar la pàgina, pertinència i possibilitat real abans de gestionar cap fitxa o contacte.",docs/seo-onpage-2026-09-16/backlink-opportunities.md; docs/seo-excel-2026-09-16/idees-revisades.csv; files 206,"Cap missatge, alta, pagament ni enllaç aconseguit en aquesta tanda."
166,SEO Ideas!A166:D166,0.14,https://www.estudidentalcarrera.com/es/implantes-dentales.html,implantes dentales lleida,You may increase your click-through rate if you add an aggregate rating to this page <using the Physician markup code>.,estrelles_ressenyes,exacta_url_keyword_idea,207,no_aplica,no_aplica,criteri_heretat,"No s’afegeix AggregateRating per obtenir estrelles de ressenyes pròpies de la clínica. Canviar Dentist, Physician, Organization o ProfilePage al suggeriment no legitima qualificacions autocontrolades ni fictícies.",https://developers.google.com/search/docs/appearance/structured-data/review-snippet#guidelines,Cap marcatge de qualificacions afegit ni ressenya inventada.
167,SEO Ideas!A167:D167,0.14,https://www.estudidentalcarrera.com/,clinica carrera madrid,Your `H1` tag does not contain your target keyword. Try to add this keyword to your `H1` tag.,H1,exacta_url_keyword_idea,208,no_aplica,no_aplica,criteri_heretat,"Keyword de competidor o d’una ubicació aliena: clinica carrera madrid. No s’adapta el web de Carrera per presentar una altra clínica, professional o ciutat.",docs/seo-excel-2026-09-16/idees-revisades.csv; files 208,Decisió editorial heretada; no es compta com a idea implementada ni com a avís retirat.
168,SEO Ideas!A168:D168,0.14,https://www.estudidentalcarrera.com/,clinica carrera madrid,Your `title` page tag does not contain your target keyword. Try to add this keyword to your page `title` tag.,title,exacta_url_keyword_idea,209,no_aplica,no_aplica,criteri_heretat,"Keyword de competidor o d’una ubicació aliena: clinica carrera madrid. No s’adapta el web de Carrera per presentar una altra clínica, professional o ciutat.",docs/seo-excel-2026-09-16/idees-revisades.csv; files 209,Decisió editorial heretada; no es compta com a idea implementada ni com a avís retirat.
169,SEO Ideas!A169:D169,0.14,https://www.estudidentalcarrera.com/,clinica carrera madrid,"Compared to your rivals, some related words are not present in your page’s content. Try to enrich your page’s content with the following semantically related words: `clinica carrera`",semantica,categoria_nova_per_keyword,,,no_aplica,nova_idea_descartada,La consulta clinica carrera madrid pertany a una intenció/localització aliena. El nou terme suggerit no justifica crear contingut de Madrid per a Carrera Lleida/Tremp.,"Excel 18/09, SEO Ideas!A169:D169",No es modifica ni s’elimina l’historial de la keyword.
170,SEO Ideas!A170:D170,0.14,https://www.estudidentalcarrera.com/,clinica carrera madrid,"Try to acquire backlinks from the following domains: gowork.com, clinicaodontologicacarrera.com, linkcentre.com",backlinks,exacta_url_keyword_idea,210,no_aplica,no_aplica,criteri_heretat,"Keyword de competidor o d’una ubicació aliena: clinica carrera madrid. No s’adapta el web de Carrera per presentar una altra clínica, professional o ciutat.",docs/seo-excel-2026-09-16/idees-revisades.csv; files 210,Decisió editorial heretada; no es compta com a idea implementada ni com a avís retirat.
171,SEO Ideas!A171:D171,0.14,https://www.estudidentalcarrera.com/,clinica carrera madrid,You may increase your click-through rate if you add an aggregate rating to this page <using the ProfilePage markup code>.,estrelles_ressenyes,mateixa_categoria_text_canviat,211,no_aplica,no_aplica,criteri_heretat,"No s’afegeix AggregateRating per obtenir estrelles de ressenyes pròpies de la clínica. Canviar Dentist, Physician, Organization o ProfilePage al suggeriment no legitima qualificacions autocontrolades ni fictícies.",https://developers.google.com/search/docs/appearance/structured-data/review-snippet#guidelines,Cap marcatge de qualificacions afegit ni ressenya inventada.
172,SEO Ideas!A172:D172,0.14,https://www.estudidentalcarrera.com/,dentista perera lleida,Your `H1` tag does not contain your target keyword. Try to add this keyword to your `H1` tag.,H1,exacta_url_keyword_idea,233,no_aplica,no_aplica,criteri_heretat,"Keyword de competidor o d’una ubicació aliena: dentista perera lleida. No s’adapta el web de Carrera per presentar una altra clínica, professional o ciutat.",docs/seo-excel-2026-09-16/idees-revisades.csv; files 233,Decisió editorial heretada; no es compta com a idea implementada ni com a avís retirat.
173,SEO Ideas!A173:D173,0.14,https://www.estudidentalcarrera.com/,dentista perera lleida,Your `title` page tag does not contain your target keyword. Try to add this keyword to your page `title` tag.,title,exacta_url_keyword_idea,234,no_aplica,no_aplica,criteri_heretat,"Keyword de competidor o d’una ubicació aliena: dentista perera lleida. No s’adapta el web de Carrera per presentar una altra clínica, professional o ciutat.",docs/seo-excel-2026-09-16/idees-revisades.csv; files 234,Decisió editorial heretada; no es compta com a idea implementada ni com a avís retirat.
174,SEO Ideas!A174:D174,0.14,https://www.estudidentalcarrera.com/,dentista perera lleida,"Try to acquire backlinks from the following domains: abadendentistas.com, docfav.com, ortodonciaperera.com",backlinks,exacta_url_keyword_idea,235,no_aplica,no_aplica,criteri_heretat,"Keyword de competidor o d’una ubicació aliena: dentista perera lleida. No s’adapta el web de Carrera per presentar una altra clínica, professional o ciutat.",docs/seo-excel-2026-09-16/idees-revisades.csv; files 235,Decisió editorial heretada; no es compta com a idea implementada ni com a avís retirat.
175,SEO Ideas!A175:D175,0.14,https://www.estudidentalcarrera.com/,dentista perera lleida,You may increase your click-through rate if you add an aggregate rating to this page <using the ProfilePage markup code>.,estrelles_ressenyes,mateixa_categoria_text_canviat,236,no_aplica,no_aplica,criteri_heretat,"No s’afegeix AggregateRating per obtenir estrelles de ressenyes pròpies de la clínica. Canviar Dentist, Physician, Organization o ProfilePage al suggeriment no legitima qualificacions autocontrolades ni fictícies.",https://developers.google.com/search/docs/appearance/structured-data/review-snippet#guidelines,Cap marcatge de qualificacions afegit ni ressenya inventada.
176,SEO Ideas!A176:D176,0.30,https://www.estudidentalcarrera.com/es/equipo.html,dentista qui,Your `H1` tag does not contain your target keyword. Try to add this keyword to your `H1` tag.,H1,exacta_url_keyword_idea,242,no_aplica,no_aplica,criteri_heretat,"Keyword de competidor o d’una ubicació aliena: dentista qui. No s’adapta el web de Carrera per presentar una altra clínica, professional o ciutat.",docs/seo-excel-2026-09-16/idees-revisades.csv; files 242,Decisió editorial heretada; no es compta com a idea implementada ni com a avís retirat.
177,SEO Ideas!A177:D177,0.30,https://www.estudidentalcarrera.com/es/equipo.html,dentista qui,Your page’s meta description does not contain your target keyword. Try to add this keyword to your page `meta` tag.,meta_description,exacta_url_keyword_idea,243,no_aplica,no_aplica,criteri_heretat,"Keyword de competidor o d’una ubicació aliena: dentista qui. No s’adapta el web de Carrera per presentar una altra clínica, professional o ciutat.",docs/seo-excel-2026-09-16/idees-revisades.csv; files 243,Decisió editorial heretada; no es compta com a idea implementada ni com a avís retirat.
178,SEO Ideas!A178:D178,0.30,https://www.estudidentalcarrera.com/es/equipo.html,dentista qui,Try to acquire backlinks from the following domains: docfav.com,backlinks,exacta_url_keyword_idea,244,no_aplica,no_aplica,criteri_heretat,"Keyword de competidor o d’una ubicació aliena: dentista qui. No s’adapta el web de Carrera per presentar una altra clínica, professional o ciutat.",docs/seo-excel-2026-09-16/idees-revisades.csv; files 244,Decisió editorial heretada; no es compta com a idea implementada ni com a avís retirat.
179,SEO Ideas!A179:D179,0.30,https://www.estudidentalcarrera.com/es/equipo.html,dentista qui,"Compared to your rivals, your text-based content is difficult to read and understand. Try to improve your content's readability.",llegibilitat,exacta_url_keyword_idea,245,no_aplica,no_aplica,criteri_heretat,"Keyword de competidor o d’una ubicació aliena: dentista qui. No s’adapta el web de Carrera per presentar una altra clínica, professional o ciutat.",docs/seo-excel-2026-09-16/idees-revisades.csv; files 245,Decisió editorial heretada; no es compta com a idea implementada ni com a avís retirat.
180,SEO Ideas!A180:D180,0.30,https://www.estudidentalcarrera.com/es/equipo.html,dentista qui,You may increase your click-through rate if you add an aggregate rating to this page <using the Dentist markup code>.,estrelles_ressenyes,exacta_url_keyword_idea,246,no_aplica,no_aplica,criteri_heretat,"No s’afegeix AggregateRating per obtenir estrelles de ressenyes pròpies de la clínica. Canviar Dentist, Physician, Organization o ProfilePage al suggeriment no legitima qualificacions autocontrolades ni fictícies.",https://developers.google.com/search/docs/appearance/structured-data/review-snippet#guidelines,Cap marcatge de qualificacions afegit ni ressenya inventada.
181,SEO Ideas!A181:D181,0.30,https://www.estudidentalcarrera.com/es/equipo.html,ramon perera lleida,Your page’s `body` tag does not contain your target keyword. Try to add this keyword to your page’s body.,body,exacta_url_keyword_idea,247,no_aplica,no_aplica,criteri_heretat,"Keyword de competidor o d’una ubicació aliena: ramon perera lleida. No s’adapta el web de Carrera per presentar una altra clínica, professional o ciutat.",docs/seo-excel-2026-09-16/idees-revisades.csv; files 247,Decisió editorial heretada; no es compta com a idea implementada ni com a avís retirat.
182,SEO Ideas!A182:D182,0.30,https://www.estudidentalcarrera.com/es/equipo.html,ramon perera lleida,Your `H1` tag does not contain your target keyword. Try to add this keyword to your `H1` tag.,H1,exacta_url_keyword_idea,248,no_aplica,no_aplica,criteri_heretat,"Keyword de competidor o d’una ubicació aliena: ramon perera lleida. No s’adapta el web de Carrera per presentar una altra clínica, professional o ciutat.",docs/seo-excel-2026-09-16/idees-revisades.csv; files 248,Decisió editorial heretada; no es compta com a idea implementada ni com a avís retirat.
183,SEO Ideas!A183:D183,0.30,https://www.estudidentalcarrera.com/es/equipo.html,ramon perera lleida,Your `title` page tag does not contain your target keyword. Try to add this keyword to your page `title` tag.,title,exacta_url_keyword_idea,249,no_aplica,no_aplica,criteri_heretat,"Keyword de competidor o d’una ubicació aliena: ramon perera lleida. No s’adapta el web de Carrera per presentar una altra clínica, professional o ciutat.",docs/seo-excel-2026-09-16/idees-revisades.csv; files 249,Decisió editorial heretada; no es compta com a idea implementada ni com a avís retirat.
184,SEO Ideas!A184:D184,0.30,https://www.estudidentalcarrera.com/es/equipo.html,ramon perera lleida,"Compared to your rivals, some related words are not present in your page’s content. Try to enrich your page’s content with the following semantically related words: `sistema damon`",semantica,exacta_url_keyword_idea,250,no_aplica,no_aplica,criteri_heretat,El suggeriment sistema Damon prové d’una keyword del competidor Ramon Perera. No s’ha verificat que Carrera ofereixi aquest sistema i no s’atribueix al servei.,docs/seo-excel-2026-09-16/idees-revisades.csv; files 250,Decisió editorial heretada; no es compta com a idea implementada ni com a avís retirat.
185,SEO Ideas!A185:D185,0.30,https://www.estudidentalcarrera.com/es/equipo.html,ramon perera lleida,"Try to acquire backlinks from the following domains: abadendentistas.com, docfav.com, ortodonciaperera.com",backlinks,exacta_url_keyword_idea,251,no_aplica,no_aplica,criteri_heretat,"Keyword de competidor o d’una ubicació aliena: ramon perera lleida. No s’adapta el web de Carrera per presentar una altra clínica, professional o ciutat.",docs/seo-excel-2026-09-16/idees-revisades.csv; files 251,Decisió editorial heretada; no es compta com a idea implementada ni com a avís retirat.
186,SEO Ideas!A186:D186,0.30,https://www.estudidentalcarrera.com/es/equipo.html,ramon perera lleida,"Compared to your rivals, your text-based content is difficult to read and understand. Try to improve your content's readability.",llegibilitat,exacta_url_keyword_idea,252,no_aplica,no_aplica,criteri_heretat,"Keyword de competidor o d’una ubicació aliena: ramon perera lleida. No s’adapta el web de Carrera per presentar una altra clínica, professional o ciutat.",docs/seo-excel-2026-09-16/idees-revisades.csv; files 252,Decisió editorial heretada; no es compta com a idea implementada ni com a avís retirat.
187,SEO Ideas!A187:D187,0.30,https://www.estudidentalcarrera.com/es/equipo.html,ramon perera lleida,You may increase your click-through rate if you add an aggregate rating to this page <using the Dentist markup code>.,estrelles_ressenyes,exacta_url_keyword_idea,253,no_aplica,no_aplica,criteri_heretat,"No s’afegeix AggregateRating per obtenir estrelles de ressenyes pròpies de la clínica. Canviar Dentist, Physician, Organization o ProfilePage al suggeriment no legitima qualificacions autocontrolades ni fictícies.",https://developers.google.com/search/docs/appearance/structured-data/review-snippet#guidelines,Cap marcatge de qualificacions afegit ni ressenya inventada.
188,SEO Ideas!A188:D188,0.30,https://www.estudidentalcarrera.com/es/equipo.html,carreras dental,Your page’s `body` tag does not contain your target keyword. Try to add this keyword to your page’s body.,body,exacta_url_keyword_idea,254,no_aplica,no_aplica,criteri_heretat,"Carreras Dental és la marca exacta d’una clínica de Terrassa, amb web pròpia i adreça al carrer de les Parres, 10. Aquesta evidència no justifica tractar-la com una variant de Carrera Lleida ni reescriure l’equip. No s’afirma predomini en una SERP local de Lleida.",docs/seo-excel-2026-09-16/idees-revisades.csv; files 254,Decisió editorial heretada; no es compta com a idea implementada ni com a avís retirat.
189,SEO Ideas!A189:D189,0.30,https://www.estudidentalcarrera.com/es/equipo.html,carreras dental,Your `H1` tag does not contain your target keyword. Try to add this keyword to your `H1` tag.,H1,exacta_url_keyword_idea,255,no_aplica,no_aplica,criteri_heretat,"Carreras Dental és la marca exacta d’una clínica de Terrassa, amb web pròpia i adreça al carrer de les Parres, 10. Aquesta evidència no justifica tractar-la com una variant de Carrera Lleida ni reescriure l’equip. No s’afirma predomini en una SERP local de Lleida.",docs/seo-excel-2026-09-16/idees-revisades.csv; files 255,Decisió editorial heretada; no es compta com a idea implementada ni com a avís retirat.
190,SEO Ideas!A190:D190,0.30,https://www.estudidentalcarrera.com/es/equipo.html,carreras dental,Your `title` page tag does not contain your target keyword. Try to add this keyword to your page `title` tag.,title,exacta_url_keyword_idea,256,no_aplica,no_aplica,criteri_heretat,"Carreras Dental és la marca exacta d’una clínica de Terrassa, amb web pròpia i adreça al carrer de les Parres, 10. Aquesta evidència no justifica tractar-la com una variant de Carrera Lleida ni reescriure l’equip. No s’afirma predomini en una SERP local de Lleida.",docs/seo-excel-2026-09-16/idees-revisades.csv; files 256,Decisió editorial heretada; no es compta com a idea implementada ni com a avís retirat.
191,SEO Ideas!A191:D191,0.30,https://www.estudidentalcarrera.com/es/equipo.html,carreras dental,Your page’s meta description does not contain your target keyword. Try to add this keyword to your page `meta` tag.,meta_description,exacta_url_keyword_idea,257,no_aplica,no_aplica,criteri_heretat,"Carreras Dental és la marca exacta d’una clínica de Terrassa, amb web pròpia i adreça al carrer de les Parres, 10. Aquesta evidència no justifica tractar-la com una variant de Carrera Lleida ni reescriure l’equip. No s’afirma predomini en una SERP local de Lleida.",docs/seo-excel-2026-09-16/idees-revisades.csv; files 257,Decisió editorial heretada; no es compta com a idea implementada ni com a avís retirat.
192,SEO Ideas!A192:D192,0.30,https://www.estudidentalcarrera.com/es/equipo.html,carreras dental,Try to acquire backlinks from the following domains: donde-estamos.es,backlinks,exacta_url_keyword_idea,258,pendent_extern,pendent_extern,gestio_externa_pendent,"La llista de dominis és una proposta de Semrush. Cal comprovar la pàgina, pertinència i possibilitat real abans de gestionar cap fitxa o contacte.",docs/seo-onpage-2026-09-16/backlink-opportunities.md; docs/seo-excel-2026-09-16/idees-revisades.csv; files 258,"Cap missatge, alta, pagament ni enllaç aconseguit en aquesta tanda."
193,SEO Ideas!A193:D193,0.30,https://www.estudidentalcarrera.com/es/equipo.html,carreras dental,"Compared to your rivals, your text-based content is difficult to read and understand. Try to improve your content's readability.",llegibilitat,exacta_url_keyword_idea,259,no_aplica,no_aplica,criteri_heretat,"Carreras Dental és la marca exacta d’una clínica de Terrassa, amb web pròpia i adreça al carrer de les Parres, 10. Aquesta evidència no justifica tractar-la com una variant de Carrera Lleida ni reescriure l’equip. No s’afirma predomini en una SERP local de Lleida.",docs/seo-excel-2026-09-16/idees-revisades.csv; files 259,Decisió editorial heretada; no es compta com a idea implementada ni com a avís retirat.
194,SEO Ideas!A194:D194,0.30,https://www.estudidentalcarrera.com/es/equipo.html,carreras dental,You may increase your click-through rate if you add an aggregate rating to this page <using the Dentist markup code>.,estrelles_ressenyes,exacta_url_keyword_idea,260,no_aplica,no_aplica,criteri_heretat,"No s’afegeix AggregateRating per obtenir estrelles de ressenyes pròpies de la clínica. Canviar Dentist, Physician, Organization o ProfilePage al suggeriment no legitima qualificacions autocontrolades ni fictícies.",https://developers.google.com/search/docs/appearance/structured-data/review-snippet#guidelines,Cap marcatge de qualificacions afegit ni ressenya inventada.
195,SEO Ideas!A195:D195,0.22,https://www.estudidentalcarrera.com/periodoncia-endodoncia.html,endodòncia lleida,Try to acquire backlinks from the following domains: qdq.com,backlinks,mateixa_keyword_idea_url_canviada,282,pendent_extern,pendent_extern,gestio_externa_pendent,"La llista de dominis és una proposta de Semrush. Cal comprovar la pàgina, pertinència i possibilitat real abans de gestionar cap fitxa o contacte.",docs/seo-onpage-2026-09-16/backlink-opportunities.md; docs/seo-excel-2026-09-16/idees-revisades.csv; files 282,"Cap missatge, alta, pagament ni enllaç aconseguit en aquesta tanda."
196,SEO Ideas!A196:D196,0.22,https://www.estudidentalcarrera.com/periodoncia-endodoncia.html,endodòncia lleida,You may increase your click-through rate if you add an aggregate rating to this page <using the Physician markup code>.,estrelles_ressenyes,mateixa_keyword_idea_url_canviada,283,no_aplica,no_aplica,criteri_heretat,"No s’afegeix AggregateRating per obtenir estrelles de ressenyes pròpies de la clínica. Canviar Dentist, Physician, Organization o ProfilePage al suggeriment no legitima qualificacions autocontrolades ni fictícies.",https://developers.google.com/search/docs/appearance/structured-data/review-snippet#guidelines,Cap marcatge de qualificacions afegit ni ressenya inventada.
197,SEO Ideas!A197:D197,0.22,https://www.estudidentalcarrera.com/periodoncia-endodoncia.html,endodòncia a lleida,Try to acquire backlinks from the following domains: qdq.com,backlinks,mateixa_keyword_idea_url_canviada,263,pendent_extern,pendent_extern,gestio_externa_pendent,"La llista de dominis és una proposta de Semrush. Cal comprovar la pàgina, pertinència i possibilitat real abans de gestionar cap fitxa o contacte.",docs/seo-onpage-2026-09-16/backlink-opportunities.md; docs/seo-excel-2026-09-16/idees-revisades.csv; files 263,"Cap missatge, alta, pagament ni enllaç aconseguit en aquesta tanda."
198,SEO Ideas!A198:D198,0.22,https://www.estudidentalcarrera.com/periodoncia-endodoncia.html,endodòncia a lleida,You may increase your click-through rate if you add an aggregate rating to this page <using the Physician markup code>.,estrelles_ressenyes,mateixa_keyword_idea_url_canviada,264,no_aplica,no_aplica,criteri_heretat,"No s’afegeix AggregateRating per obtenir estrelles de ressenyes pròpies de la clínica. Canviar Dentist, Physician, Organization o ProfilePage al suggeriment no legitima qualificacions autocontrolades ni fictícies.",https://developers.google.com/search/docs/appearance/structured-data/review-snippet#guidelines,Cap marcatge de qualificacions afegit ni ressenya inventada.
199,SEO Ideas!A199:D199,0.09,https://www.estudidentalcarrera.com/clinica-dental-lleida.html,dentistes a lleida,Your page’s `body` tag does not contain your target keyword. Try to add this keyword to your page’s body.,body,mateixa_keyword_idea_url_canviada,217,reassignacio_confirmada,cobertura_verificada,assignacio_correcta_contingut_revisat,"La landing efectiva descriu la clínica, la ciutat, els professionals i l’atenció dental. La intenció està coberta sense afegir un sinònim només per reproduir la keyword.",HTML renderitzat de la landing local; revisió independent 18/09/2026,Rastreig Semrush posterior; cobertura semàntica no implica retirada automàtica de l’avís.
200,SEO Ideas!A200:D200,0.09,https://www.estudidentalcarrera.com/clinica-dental-lleida.html,dentistes a lleida,Your `H1` tag does not contain your target keyword. Try to add this keyword to your `H1` tag.,H1,mateixa_keyword_idea_url_canviada,218,reassignacio_confirmada,no_aplica,assignacio_correcta_criteri_editorial,Clínica dental a Lleida cobreix la intenció local a l’H1; la meta ja explicita Dentistes a Lleida.,HTML renderitzat de data/landing-pages.js + data/service-enrichment.js; revisió independent 18/09/2026,"Comprovar futura reanàlisi, sense forçar coincidències literals ni alterar la intenció principal."
201,SEO Ideas!A201:D201,0.09,https://www.estudidentalcarrera.com/clinica-dental-lleida.html,dentistes a lleida,Your `title` page tag does not contain your target keyword. Try to add this keyword to your page `title` tag.,title,mateixa_keyword_idea_url_canviada,219,reassignacio_confirmada,no_aplica,assignacio_correcta_criteri_editorial,Clínica dental a Lleida cobreix la intenció local al title; la meta ja explicita Dentistes a Lleida.,HTML renderitzat de data/landing-pages.js + data/service-enrichment.js; revisió independent 18/09/2026,"Comprovar futura reanàlisi, sense forçar coincidències literals ni alterar la intenció principal."
202,SEO Ideas!A202:D202,0.09,https://www.estudidentalcarrera.com/clinica-dental-lleida.html,dentistes a lleida,Your page’s meta description does not contain your target keyword. Try to add this keyword to your page `meta` tag.,meta_description,mateixa_keyword_idea_url_canviada,220,reassignacio_confirmada,aplicat_publicat_verificat,canvi_local_verificat,"Meta catalana de Lleida actualitzada amb Dentistes a Lleida. És l’equivalent del mateix canvi editorial de les files 92/123, no un canvi addicional. La reassignació del 16/09 es manté correcta.","data/landing-pages.js (ca-lleida); build i 95/95 proves aprovades; 8/8 pàgines verificades en navegador a 320 i 390 px sense desbordament ni àncores invàlides, segons l’agent principal el 18/09/2026; commit 78202a1, verificacio-publicacio.json: contingut públic verificat",Nova reanàlisi de Semrush i seguiment de dades reals. La publicació no acredita retirada de l’avís ni millora de posicions.
203,SEO Ideas!A203:D203,0.09,https://www.estudidentalcarrera.com/clinica-dental-lleida.html,dentistes a lleida,"Try to acquire backlinks from the following domains: accio.com, latipo.cat, docfav.com, abadendentistas.com, bedentalexpert.com, gowork.com, mitjalleida.com, cursabomberslleida.com, poidata.io, nomas900.org",backlinks,mateixa_keyword_idea_url_canviada,221,pendent_extern,pendent_extern,gestio_externa_pendent,"La llista de dominis és una proposta de Semrush. Cal comprovar la pàgina, pertinència i possibilitat real abans de gestionar cap fitxa o contacte.",docs/seo-onpage-2026-09-16/backlink-opportunities.md; docs/seo-excel-2026-09-16/idees-revisades.csv; files 221,"Cap missatge, alta, pagament ni enllaç aconseguit en aquesta tanda."
204,SEO Ideas!A204:D204,0.09,https://www.estudidentalcarrera.com/clinica-dental-lleida.html,dentistes a lleida,You may increase your click-through rate if you add an aggregate rating to this page <using the Physician markup code>.,estrelles_ressenyes,mateixa_keyword_idea_url_canviada,222,no_aplica,no_aplica,criteri_heretat,"No s’afegeix AggregateRating per obtenir estrelles de ressenyes pròpies de la clínica. Canviar Dentist, Physician, Organization o ProfilePage al suggeriment no legitima qualificacions autocontrolades ni fictícies.",https://developers.google.com/search/docs/appearance/structured-data/review-snippet#guidelines,Cap marcatge de qualificacions afegit ni ressenya inventada.
205,SEO Ideas!A205:D205,0.09,https://www.estudidentalcarrera.com/clinica-dental-lleida.html,millor clinica dental lleida,Your `H1` tag does not contain your target keyword. Try to add this keyword to your `H1` tag.,H1,exacta_url_keyword_idea,265,no_aplica,no_aplica,criteri_heretat,No s’afegeix millor com una superioritat clínica no acreditada al H1/title. Es conserva una descripció factual de la clínica de Lleida.,docs/seo-excel-2026-09-16/idees-revisades.csv; files 265,Decisió editorial heretada; no es compta com a idea implementada ni com a avís retirat.
206,SEO Ideas!A206:D206,0.09,https://www.estudidentalcarrera.com/clinica-dental-lleida.html,millor clinica dental lleida,Your `title` page tag does not contain your target keyword. Try to add this keyword to your page `title` tag.,title,exacta_url_keyword_idea,266,no_aplica,no_aplica,criteri_heretat,No s’afegeix millor com una superioritat clínica no acreditada al H1/title. Es conserva una descripció factual de la clínica de Lleida.,docs/seo-excel-2026-09-16/idees-revisades.csv; files 266,Decisió editorial heretada; no es compta com a idea implementada ni com a avís retirat.
207,SEO Ideas!A207:D207,0.09,https://www.estudidentalcarrera.com/clinica-dental-lleida.html,millor clinica dental lleida,"Try to acquire backlinks from the following domains: accio.com, docfav.com, qdq.com, bedentalexpert.com, mitjalleida.com, branemarklleida.com, loottis.com, cursabomberslleida.com",backlinks,exacta_url_keyword_idea,267,pendent_extern,pendent_extern,gestio_externa_pendent,"La llista de dominis és una proposta de Semrush. Cal comprovar la pàgina, pertinència i possibilitat real abans de gestionar cap fitxa o contacte.",docs/seo-onpage-2026-09-16/backlink-opportunities.md; docs/seo-excel-2026-09-16/idees-revisades.csv; files 267,"Cap missatge, alta, pagament ni enllaç aconseguit en aquesta tanda."
208,SEO Ideas!A208:D208,0.09,https://www.estudidentalcarrera.com/clinica-dental-lleida.html,millor clinica dental lleida,You may increase your click-through rate if you add an aggregate rating to this page <using the Physician markup code>.,estrelles_ressenyes,exacta_url_keyword_idea,268,no_aplica,no_aplica,criteri_heretat,"No s’afegeix AggregateRating per obtenir estrelles de ressenyes pròpies de la clínica. Canviar Dentist, Physician, Organization o ProfilePage al suggeriment no legitima qualificacions autocontrolades ni fictícies.",https://developers.google.com/search/docs/appearance/structured-data/review-snippet#guidelines,Cap marcatge de qualificacions afegit ni ressenya inventada.
209,SEO Ideas!A209:D209,0.25,https://www.estudidentalcarrera.com/es/estetica-dental.html,carillas dentales en lleida,Your `H1` tag does not contain your target keyword. Try to add this keyword to your `H1` tag.,H1,exacta_url_keyword_idea,271,no_aplica,no_aplica,criteri_heretat,No es concentra cada keyword secundària al mateix H1/title. Es manté el tema principal de la pàgina i la consulta queda situada en un H2 específic ja existent.,docs/seo-excel-2026-09-16/idees-revisades.csv; files 271,Decisió editorial heretada; no es compta com a idea implementada ni com a avís retirat.
210,SEO Ideas!A210:D210,0.25,https://www.estudidentalcarrera.com/es/estetica-dental.html,carillas dentales en lleida,Your `title` page tag does not contain your target keyword. Try to add this keyword to your page `title` tag.,title,exacta_url_keyword_idea,272,ja_cobert_actualment,cobertura_heretada,contingut_ja_revisat,"Cobertura documentada a la revisió del 16/09: El title ja associa carilles, estètica dental i Lleida; la variant exacta no és necessària.",docs/seo-excel-2026-09-16/idees-revisades.csv; files 272,La cobertura editorial prèvia no acredita que Semrush hagi retirat l’avís.
211,SEO Ideas!A211:D211,0.25,https://www.estudidentalcarrera.com/es/estetica-dental.html,carillas dentales en lleida,"Compared to your rivals, your page has a relatively low word count. Try to increase the length of your page content.",extensio,exacta_url_keyword_idea,273,no_aplica,no_aplica,criteri_heretat,"No s’amplia text només per igualar el recompte dels rivals. El contingut actual ja tracta blanquejament, comparativa composite/ceràmica, preparació, reparació, manteniment i FAQ.",docs/seo-excel-2026-09-16/idees-revisades.csv; files 273,Decisió editorial heretada; no es compta com a idea implementada ni com a avís retirat.
212,SEO Ideas!A212:D212,0.25,https://www.estudidentalcarrera.com/es/estetica-dental.html,carillas dentales en lleida,You may increase your click-through rate if you add an aggregate rating to this page <using the Physician markup code>.,estrelles_ressenyes,exacta_url_keyword_idea,274,no_aplica,no_aplica,criteri_heretat,"No s’afegeix AggregateRating per obtenir estrelles de ressenyes pròpies de la clínica. Canviar Dentist, Physician, Organization o ProfilePage al suggeriment no legitima qualificacions autocontrolades ni fictícies.",https://developers.google.com/search/docs/appearance/structured-data/review-snippet#guidelines,Cap marcatge de qualificacions afegit ni ressenya inventada.
213,SEO Ideas!A213:D213,0.25,https://www.estudidentalcarrera.com/es/estetica-dental.html,estetica dental lleida,"Try to acquire backlinks from the following domains: accio.com, latipo.cat, qdq.com, bedentalexpert.com, mitjalleida.com, branemarklleida.com, loottis.com, cursabomberslleida.com, poidata.io",backlinks,exacta_url_keyword_idea,269,pendent_extern,pendent_extern,gestio_externa_pendent,"La llista de dominis és una proposta de Semrush. Cal comprovar la pàgina, pertinència i possibilitat real abans de gestionar cap fitxa o contacte.",docs/seo-onpage-2026-09-16/backlink-opportunities.md; docs/seo-excel-2026-09-16/idees-revisades.csv; files 269,"Cap missatge, alta, pagament ni enllaç aconseguit en aquesta tanda."
214,SEO Ideas!A214:D214,0.25,https://www.estudidentalcarrera.com/es/estetica-dental.html,estetica dental lleida,You may increase your click-through rate if you add an aggregate rating to this page <using the Physician markup code>.,estrelles_ressenyes,exacta_url_keyword_idea,270,no_aplica,no_aplica,criteri_heretat,"No s’afegeix AggregateRating per obtenir estrelles de ressenyes pròpies de la clínica. Canviar Dentist, Physician, Organization o ProfilePage al suggeriment no legitima qualificacions autocontrolades ni fictícies.",https://developers.google.com/search/docs/appearance/structured-data/review-snippet#guidelines,Cap marcatge de qualificacions afegit ni ressenya inventada.
215,SEO Ideas!A215:D215,0.25,https://www.estudidentalcarrera.com/es/estetica-dental.html,blanqueamiento dental lleida,Your `H1` tag does not contain your target keyword. Try to add this keyword to your `H1` tag.,H1,exacta_url_keyword_idea,275,no_aplica,no_aplica,criteri_heretat,No es concentra cada keyword secundària al mateix H1/title. Es manté el tema principal de la pàgina i la consulta queda situada en un H2 específic ja existent.,docs/seo-excel-2026-09-16/idees-revisades.csv; files 275,Decisió editorial heretada; no es compta com a idea implementada ni com a avís retirat.
216,SEO Ideas!A216:D216,0.25,https://www.estudidentalcarrera.com/es/estetica-dental.html,blanqueamiento dental lleida,Your `title` page tag does not contain your target keyword. Try to add this keyword to your page `title` tag.,title,exacta_url_keyword_idea,276,ja_cobert_actualment,cobertura_heretada,contingut_ja_revisat,Cobertura documentada a la revisió del 16/09: El title ja inclou blanqueamiento dins estètica dental a Lleida; no cal repetir tots els termes de la keyword.,docs/seo-excel-2026-09-16/idees-revisades.csv; files 276,La cobertura editorial prèvia no acredita que Semrush hagi retirat l’avís.
217,SEO Ideas!A217:D217,0.25,https://www.estudidentalcarrera.com/es/estetica-dental.html,blanqueamiento dental lleida,Your page’s meta description does not contain your target keyword. Try to add this keyword to your page `meta` tag.,meta_description,exacta_url_keyword_idea,277,aplicat_ara,cobertura_verificada,cobertura_publica_verificada,La comprovació independent de l’HTML públic confirma la cobertura semàntica del tractament i la ubicació. La keyword exacta no és una cadena contigua; es manté el text natural. Això no acredita el tancament de l’avís a Semrush.,"HTTP públic fresc 18/09/2026: 200, canonical correcte, x-vercel-cache MISS, age 0. Meta: Estética dental en Lleida y Tremp: blanqueamiento dental, carillas y composite. Valoramos dientes, encías y mordida antes de proponer cambios. Comprovació de l’agent independent comunicada per l’agent principal; contingut anterior a la tanda del 18/09.",Només resta confirmar la nova lectura de Semrush; no cal repetir el canvi de metadades per una coincidència literal.
218,SEO Ideas!A218:D218,0.25,https://www.estudidentalcarrera.com/es/estetica-dental.html,blanqueamiento dental lleida,"Try to acquire backlinks from the following domains: totlleida.cat, odontologiaactual.com",backlinks,exacta_url_keyword_idea,278,pendent_extern,pendent_extern,gestio_externa_pendent,"La llista de dominis és una proposta de Semrush. Cal comprovar la pàgina, pertinència i possibilitat real abans de gestionar cap fitxa o contacte.",docs/seo-onpage-2026-09-16/backlink-opportunities.md; docs/seo-excel-2026-09-16/idees-revisades.csv; files 278,"Cap missatge, alta, pagament ni enllaç aconseguit en aquesta tanda."
219,SEO Ideas!A219:D219,0.25,https://www.estudidentalcarrera.com/es/estetica-dental.html,blanqueamiento dental lleida,You may increase your click-through rate if you add an aggregate rating to this page <using the Physician markup code>.,estrelles_ressenyes,exacta_url_keyword_idea,279,no_aplica,no_aplica,criteri_heretat,"No s’afegeix AggregateRating per obtenir estrelles de ressenyes pròpies de la clínica. Canviar Dentist, Physician, Organization o ProfilePage al suggeriment no legitima qualificacions autocontrolades ni fictícies.",https://developers.google.com/search/docs/appearance/structured-data/review-snippet#guidelines,Cap marcatge de qualificacions afegit ni ressenya inventada.
