fila_excel,rang_font,prioritat_excel,url_excel,keyword_excel,idea_excel,categoria,estat,motiu,evidencia,url_objectiu_proposada,estat_assignacio,pendent
2,SEO Ideas!A2:D2,0.00,https://www.estudidentalcarrera.com/es/atm-bruxismo.html,dolor mandibula lleida,This page has a high bounce rate. Try to analyze and adjust all factors that may be increasing your bounce rate.,UX_rebot,mesurament_millorat_pendent_dades,"El senyal és de la pàgina, no una mètrica independent per cada keyword. El tracking de contacte publicat a f9b50c1 separa telèfon, WhatsApp, cita i formulari amb context. No hi ha dades de període/mostra per confirmar una millora de rebot o permanència.",assets/js/main.js; assets/js/appointment.js; docs/seo-onpage-2026-09-16/tracking.md,https://www.estudidentalcarrera.com/es/atm-bruxismo.html,sense_canvi_proposat,"Revisar sessions, període, consentiment, contactes i primera visita real; no es declara resolt l’avís UX."
3,SEO Ideas!A3:D3,0.00,https://www.estudidentalcarrera.com/es/atm-bruxismo.html,dolor mandibula lleida,The amount of time visitors are spending on this page is suspiciously low. Try to adjust all factors that may be causing users to leave too quickly.,UX_permanencia,mesurament_millorat_pendent_dades,"El senyal és de la pàgina, no una mètrica independent per cada keyword. El tracking de contacte publicat a f9b50c1 separa telèfon, WhatsApp, cita i formulari amb context. No hi ha dades de període/mostra per confirmar una millora de rebot o permanència.",assets/js/main.js; assets/js/appointment.js; docs/seo-onpage-2026-09-16/tracking.md,https://www.estudidentalcarrera.com/es/atm-bruxismo.html,sense_canvi_proposat,"Revisar sessions, període, consentiment, contactes i primera visita real; no es declara resolt l’avís UX."
4,SEO Ideas!A4:D4,0.00,https://www.estudidentalcarrera.com/es/atm-bruxismo.html,bruxismo lleida,This page has a high bounce rate. Try to analyze and adjust all factors that may be increasing your bounce rate.,UX_rebot,mesurament_millorat_pendent_dades,"El senyal és de la pàgina, no una mètrica independent per cada keyword. El tracking de contacte publicat a f9b50c1 separa telèfon, WhatsApp, cita i formulari amb context. No hi ha dades de període/mostra per confirmar una millora de rebot o permanència.",assets/js/main.js; assets/js/appointment.js; docs/seo-onpage-2026-09-16/tracking.md,https://www.estudidentalcarrera.com/es/atm-bruxismo.html,sense_canvi_proposat,"Revisar sessions, període, consentiment, contactes i primera visita real; no es declara resolt l’avís UX."
5,SEO Ideas!A5:D5,0.00,https://www.estudidentalcarrera.com/es/atm-bruxismo.html,bruxismo lleida,The amount of time visitors are spending on this page is suspiciously low. Try to adjust all factors that may be causing users to leave too quickly.,UX_permanencia,mesurament_millorat_pendent_dades,"El senyal és de la pàgina, no una mètrica independent per cada keyword. El tracking de contacte publicat a f9b50c1 separa telèfon, WhatsApp, cita i formulari amb context. No hi ha dades de període/mostra per confirmar una millora de rebot o permanència.",assets/js/main.js; assets/js/appointment.js; docs/seo-onpage-2026-09-16/tracking.md,https://www.estudidentalcarrera.com/es/atm-bruxismo.html,sense_canvi_proposat,"Revisar sessions, període, consentiment, contactes i primera visita real; no es declara resolt l’avís UX."
6,SEO Ideas!A6:D6,0.11,https://www.estudidentalcarrera.com/es/dentista-tremp.html,clinica dental tremp,This page has a high bounce rate. Try to analyze and adjust all factors that may be increasing your bounce rate.,UX_rebot,mesurament_millorat_pendent_dades,"El senyal és de la pàgina, no una mètrica independent per cada keyword. El tracking de contacte publicat a f9b50c1 separa telèfon, WhatsApp, cita i formulari amb context. No hi ha dades de període/mostra per confirmar una millora de rebot o permanència. Les millores de contacte de Tremp i les comparatives ja estan incloses a la base publicada.",assets/js/main.js; assets/js/appointment.js; docs/seo-onpage-2026-09-16/tracking.md,https://www.estudidentalcarrera.com/es/dentista-tremp.html,sense_canvi_proposat,"Revisar sessions, període, consentiment, contactes i primera visita real; no es declara resolt l’avís UX."
7,SEO Ideas!A7:D7,0.11,https://www.estudidentalcarrera.com/es/dentista-tremp.html,clinica dental tremp,The amount of time visitors are spending on this page is suspiciously low. Try to adjust all factors that may be causing users to leave too quickly.,UX_permanencia,mesurament_millorat_pendent_dades,"El senyal és de la pàgina, no una mètrica independent per cada keyword. El tracking de contacte publicat a f9b50c1 separa telèfon, WhatsApp, cita i formulari amb context. No hi ha dades de període/mostra per confirmar una millora de rebot o permanència. Les millores de contacte de Tremp i les comparatives ja estan incloses a la base publicada.",assets/js/main.js; assets/js/appointment.js; docs/seo-onpage-2026-09-16/tracking.md,https://www.estudidentalcarrera.com/es/dentista-tremp.html,sense_canvi_proposat,"Revisar sessions, període, consentiment, contactes i primera visita real; no es declara resolt l’avís UX."
8,SEO Ideas!A8:D8,7.55,https://www.estudidentalcarrera.com/es/clinica-dental-lleida.html,clinica dental lleida,This page has a high bounce rate. Try to analyze and adjust all factors that may be increasing your bounce rate.,UX_rebot,mesurament_millorat_pendent_dades,"El senyal és de la pàgina, no una mètrica independent per cada keyword. El tracking de contacte publicat a f9b50c1 separa telèfon, WhatsApp, cita i formulari amb context. No hi ha dades de període/mostra per confirmar una millora de rebot o permanència.",assets/js/main.js; assets/js/appointment.js; docs/seo-onpage-2026-09-16/tracking.md,https://www.estudidentalcarrera.com/es/clinica-dental-lleida.html,sense_canvi_proposat,"Revisar sessions, període, consentiment, contactes i primera visita real; no es declara resolt l’avís UX."
9,SEO Ideas!A9:D9,7.55,https://www.estudidentalcarrera.com/es/clinica-dental-lleida.html,clinica dental lleida,The amount of time visitors are spending on this page is suspiciously low. Try to adjust all factors that may be causing users to leave too quickly.,UX_permanencia,mesurament_millorat_pendent_dades,"El senyal és de la pàgina, no una mètrica independent per cada keyword. El tracking de contacte publicat a f9b50c1 separa telèfon, WhatsApp, cita i formulari amb context. No hi ha dades de període/mostra per confirmar una millora de rebot o permanència.",assets/js/main.js; assets/js/appointment.js; docs/seo-onpage-2026-09-16/tracking.md,https://www.estudidentalcarrera.com/es/clinica-dental-lleida.html,sense_canvi_proposat,"Revisar sessions, període, consentiment, contactes i primera visita real; no es declara resolt l’avís UX."
10,SEO Ideas!A10:D10,7.55,https://www.estudidentalcarrera.com/es/clinica-dental-lleida.html,dentista qui lleida,This page has a high bounce rate. Try to analyze and adjust all factors that may be increasing your bounce rate.,UX_rebot,no_aplica,"Keyword de competidor o d’una ubicació aliena: dentista qui lleida. No s’adapta el web de Carrera per presentar una altra clínica, professional o ciutat.",Excel SEO Ideas!C10:D10; equip.html; data/clinics.js,,no_es_reassigna_ni_selimina_historial,No s’ha eliminat cap keyword ni historial de Semrush.
11,SEO Ideas!A11:D11,7.55,https://www.estudidentalcarrera.com/es/clinica-dental-lleida.html,dentista qui lleida,The amount of time visitors are spending on this page is suspiciously low. Try to adjust all factors that may be causing users to leave too quickly.,UX_permanencia,no_aplica,"Keyword de competidor o d’una ubicació aliena: dentista qui lleida. No s’adapta el web de Carrera per presentar una altra clínica, professional o ciutat.",Excel SEO Ideas!C11:D11; equip.html; data/clinics.js,,no_es_reassigna_ni_selimina_historial,No s’ha eliminat cap keyword ni historial de Semrush.
12,SEO Ideas!A12:D12,7.55,https://www.estudidentalcarrera.com/es/clinica-dental-lleida.html,estudi dental,This page has a high bounce rate. Try to analyze and adjust all factors that may be increasing your bounce rate.,UX_rebot,mesurament_millorat_pendent_dades,"El senyal és de la pàgina, no una mètrica independent per cada keyword. El tracking de contacte publicat a f9b50c1 separa telèfon, WhatsApp, cita i formulari amb context. No hi ha dades de període/mostra per confirmar una millora de rebot o permanència.","assets/js/main.js; assets/js/appointment.js; docs/seo-onpage-2026-09-16/tracking.md | Semrush 16/09/2026, readback de l’agent principal: modal /es/ desat amb 11 keywords, les 6 noves de marca i les 5 preexistents preservades; taula /es/ mostra carrera clinica, 10 més, en recopilació.",https://www.estudidentalcarrera.com/es/,confirmada_readback_semrush,"Revisar sessions, període, consentiment, contactes i primera visita real; no es declara resolt l’avís UX."
13,SEO Ideas!A13:D13,7.55,https://www.estudidentalcarrera.com/es/clinica-dental-lleida.html,estudi dental,The amount of time visitors are spending on this page is suspiciously low. Try to adjust all factors that may be causing users to leave too quickly.,UX_permanencia,mesurament_millorat_pendent_dades,"El senyal és de la pàgina, no una mètrica independent per cada keyword. El tracking de contacte publicat a f9b50c1 separa telèfon, WhatsApp, cita i formulari amb context. No hi ha dades de període/mostra per confirmar una millora de rebot o permanència.","assets/js/main.js; assets/js/appointment.js; docs/seo-onpage-2026-09-16/tracking.md | Semrush 16/09/2026, readback de l’agent principal: modal /es/ desat amb 11 keywords, les 6 noves de marca i les 5 preexistents preservades; taula /es/ mostra carrera clinica, 10 més, en recopilació.",https://www.estudidentalcarrera.com/es/,confirmada_readback_semrush,"Revisar sessions, període, consentiment, contactes i primera visita real; no es declara resolt l’avís UX."
14,SEO Ideas!A14:D14,7.55,https://www.estudidentalcarrera.com/es/clinica-dental-lleida.html,clinica qui lleida,This page has a high bounce rate. Try to analyze and adjust all factors that may be increasing your bounce rate.,UX_rebot,no_aplica,"Keyword de competidor o d’una ubicació aliena: clinica qui lleida. No s’adapta el web de Carrera per presentar una altra clínica, professional o ciutat.",Excel SEO Ideas!C14:D14; equip.html; data/clinics.js,,no_es_reassigna_ni_selimina_historial,No s’ha eliminat cap keyword ni historial de Semrush.
15,SEO Ideas!A15:D15,7.55,https://www.estudidentalcarrera.com/es/clinica-dental-lleida.html,clinica qui lleida,The amount of time visitors are spending on this page is suspiciously low. Try to adjust all factors that may be causing users to leave too quickly.,UX_permanencia,no_aplica,"Keyword de competidor o d’una ubicació aliena: clinica qui lleida. No s’adapta el web de Carrera per presentar una altra clínica, professional o ciutat.",Excel SEO Ideas!C15:D15; equip.html; data/clinics.js,,no_es_reassigna_ni_selimina_historial,No s’ha eliminat cap keyword ni historial de Semrush.
16,SEO Ideas!A16:D16,7.55,https://www.estudidentalcarrera.com/es/clinica-dental-lleida.html,dentista de urgencias,This page has a high bounce rate. Try to analyze and adjust all factors that may be increasing your bounce rate.,UX_rebot,mesurament_millorat_pendent_dades,"El senyal és de la pàgina, no una mètrica independent per cada keyword. El tracking de contacte publicat a f9b50c1 separa telèfon, WhatsApp, cita i formulari amb context. No hi ha dades de període/mostra per confirmar una millora de rebot o permanència.",assets/js/main.js; assets/js/appointment.js; docs/seo-onpage-2026-09-16/tracking.md,https://www.estudidentalcarrera.com/es/clinica-dental-lleida.html,sense_canvi_proposat,"Revisar sessions, període, consentiment, contactes i primera visita real; no es declara resolt l’avís UX."
17,SEO Ideas!A17:D17,7.55,https://www.estudidentalcarrera.com/es/clinica-dental-lleida.html,dentista de urgencias,The amount of time visitors are spending on this page is suspiciously low. Try to adjust all factors that may be causing users to leave too quickly.,UX_permanencia,mesurament_millorat_pendent_dades,"El senyal és de la pàgina, no una mètrica independent per cada keyword. El tracking de contacte publicat a f9b50c1 separa telèfon, WhatsApp, cita i formulari amb context. No hi ha dades de període/mostra per confirmar una millora de rebot o permanència.",assets/js/main.js; assets/js/appointment.js; docs/seo-onpage-2026-09-16/tracking.md,https://www.estudidentalcarrera.com/es/clinica-dental-lleida.html,sense_canvi_proposat,"Revisar sessions, període, consentiment, contactes i primera visita real; no es declara resolt l’avís UX."
18,SEO Ideas!A18:D18,7.55,https://www.estudidentalcarrera.com/es/clinica-dental-lleida.html,clinica qui,This page has a high bounce rate. Try to analyze and adjust all factors that may be increasing your bounce rate.,UX_rebot,no_aplica,"Keyword de competidor o d’una ubicació aliena: clinica qui. No s’adapta el web de Carrera per presentar una altra clínica, professional o ciutat.",Excel SEO Ideas!C18:D18; equip.html; data/clinics.js,,no_es_reassigna_ni_selimina_historial,No s’ha eliminat cap keyword ni historial de Semrush.
19,SEO Ideas!A19:D19,7.55,https://www.estudidentalcarrera.com/es/clinica-dental-lleida.html,clinica qui,The amount of time visitors are spending on this page is suspiciously low. Try to adjust all factors that may be causing users to leave too quickly.,UX_permanencia,no_aplica,"Keyword de competidor o d’una ubicació aliena: clinica qui. No s’adapta el web de Carrera per presentar una altra clínica, professional o ciutat.",Excel SEO Ideas!C19:D19; equip.html; data/clinics.js,,no_es_reassigna_ni_selimina_historial,No s’ha eliminat cap keyword ni historial de Semrush.
20,SEO Ideas!A20:D20,7.55,https://www.estudidentalcarrera.com/es/clinica-dental-lleida.html,clinica dental la seu lleida,This page has a high bounce rate. Try to analyze and adjust all factors that may be increasing your bounce rate.,UX_rebot,no_aplica,"Keyword de competidor o d’una ubicació aliena: clinica dental la seu lleida. No s’adapta el web de Carrera per presentar una altra clínica, professional o ciutat.",Excel SEO Ideas!C20:D20; equip.html; data/clinics.js,,no_es_reassigna_ni_selimina_historial,No s’ha eliminat cap keyword ni historial de Semrush.
21,SEO Ideas!A21:D21,7.55,https://www.estudidentalcarrera.com/es/clinica-dental-lleida.html,clinica dental la seu lleida,The amount of time visitors are spending on this page is suspiciously low. Try to adjust all factors that may be causing users to leave too quickly.,UX_permanencia,no_aplica,"Keyword de competidor o d’una ubicació aliena: clinica dental la seu lleida. No s’adapta el web de Carrera per presentar una altra clínica, professional o ciutat.",Excel SEO Ideas!C21:D21; equip.html; data/clinics.js,,no_es_reassigna_ni_selimina_historial,No s’ha eliminat cap keyword ni historial de Semrush.
22,SEO Ideas!A22:D22,7.55,https://www.estudidentalcarrera.com/es/clinica-dental-lleida.html,clinica dental qui,This page has a high bounce rate. Try to analyze and adjust all factors that may be increasing your bounce rate.,UX_rebot,no_aplica,"Keyword de competidor o d’una ubicació aliena: clinica dental qui. No s’adapta el web de Carrera per presentar una altra clínica, professional o ciutat.",Excel SEO Ideas!C22:D22; equip.html; data/clinics.js,,no_es_reassigna_ni_selimina_historial,No s’ha eliminat cap keyword ni historial de Semrush.
23,SEO Ideas!A23:D23,7.55,https://www.estudidentalcarrera.com/es/clinica-dental-lleida.html,clinica dental qui,The amount of time visitors are spending on this page is suspiciously low. Try to adjust all factors that may be causing users to leave too quickly.,UX_permanencia,no_aplica,"Keyword de competidor o d’una ubicació aliena: clinica dental qui. No s’adapta el web de Carrera per presentar una altra clínica, professional o ciutat.",Excel SEO Ideas!C23:D23; equip.html; data/clinics.js,,no_es_reassigna_ni_selimina_historial,No s’ha eliminat cap keyword ni historial de Semrush.
24,SEO Ideas!A24:D24,7.55,https://www.estudidentalcarrera.com/es/clinica-dental-lleida.html,periodoncia en lleida,This page has a high bounce rate. Try to analyze and adjust all factors that may be increasing your bounce rate.,UX_rebot,mesurament_millorat_pendent_dades,"El senyal és de la pàgina, no una mètrica independent per cada keyword. El tracking de contacte publicat a f9b50c1 separa telèfon, WhatsApp, cita i formulari amb context. No hi ha dades de període/mostra per confirmar una millora de rebot o permanència.","assets/js/main.js; assets/js/appointment.js; docs/seo-onpage-2026-09-16/tracking.md | Semrush On Page SEO Checker, 16/09/2026: readback de l’agent principal després de desar; etiqueta exacta «periodoncia en lleida» a /es/periodoncia-endodoncia.html. La destinació ha passat de 3 a 5 keywords amb periodoncia en lleida i cirugia periodontal en lleida.",https://www.estudidentalcarrera.com/es/periodoncia-endodoncia.html,confirmada_readback_semrush,"Revisar sessions, període, consentiment, contactes i primera visita real; no es declara resolt l’avís UX."
25,SEO Ideas!A25:D25,7.55,https://www.estudidentalcarrera.com/es/clinica-dental-lleida.html,periodoncia en lleida,The amount of time visitors are spending on this page is suspiciously low. Try to adjust all factors that may be causing users to leave too quickly.,UX_permanencia,mesurament_millorat_pendent_dades,"El senyal és de la pàgina, no una mètrica independent per cada keyword. El tracking de contacte publicat a f9b50c1 separa telèfon, WhatsApp, cita i formulari amb context. No hi ha dades de període/mostra per confirmar una millora de rebot o permanència.","assets/js/main.js; assets/js/appointment.js; docs/seo-onpage-2026-09-16/tracking.md | Semrush On Page SEO Checker, 16/09/2026: readback de l’agent principal després de desar; etiqueta exacta «periodoncia en lleida» a /es/periodoncia-endodoncia.html. La destinació ha passat de 3 a 5 keywords amb periodoncia en lleida i cirugia periodontal en lleida.",https://www.estudidentalcarrera.com/es/periodoncia-endodoncia.html,confirmada_readback_semrush,"Revisar sessions, període, consentiment, contactes i primera visita real; no es declara resolt l’avís UX."
26,SEO Ideas!A26:D26,7.55,https://www.estudidentalcarrera.com/es/clinica-dental-lleida.html,urgencia dental,This page has a high bounce rate. Try to analyze and adjust all factors that may be increasing your bounce rate.,UX_rebot,mesurament_millorat_pendent_dades,"El senyal és de la pàgina, no una mètrica independent per cada keyword. El tracking de contacte publicat a f9b50c1 separa telèfon, WhatsApp, cita i formulari amb context. No hi ha dades de període/mostra per confirmar una millora de rebot o permanència.",assets/js/main.js; assets/js/appointment.js; docs/seo-onpage-2026-09-16/tracking.md,https://www.estudidentalcarrera.com/es/clinica-dental-lleida.html,sense_canvi_proposat,"Revisar sessions, període, consentiment, contactes i primera visita real; no es declara resolt l’avís UX."
27,SEO Ideas!A27:D27,7.55,https://www.estudidentalcarrera.com/es/clinica-dental-lleida.html,urgencia dental,The amount of time visitors are spending on this page is suspiciously low. Try to adjust all factors that may be causing users to leave too quickly.,UX_permanencia,mesurament_millorat_pendent_dades,"El senyal és de la pàgina, no una mètrica independent per cada keyword. El tracking de contacte publicat a f9b50c1 separa telèfon, WhatsApp, cita i formulari amb context. No hi ha dades de període/mostra per confirmar una millora de rebot o permanència.",assets/js/main.js; assets/js/appointment.js; docs/seo-onpage-2026-09-16/tracking.md,https://www.estudidentalcarrera.com/es/clinica-dental-lleida.html,sense_canvi_proposat,"Revisar sessions, període, consentiment, contactes i primera visita real; no es declara resolt l’avís UX."
28,SEO Ideas!A28:D28,7.55,https://www.estudidentalcarrera.com/es/clinica-dental-lleida.html,dentista urgencias,This page has a high bounce rate. Try to analyze and adjust all factors that may be increasing your bounce rate.,UX_rebot,mesurament_millorat_pendent_dades,"El senyal és de la pàgina, no una mètrica independent per cada keyword. El tracking de contacte publicat a f9b50c1 separa telèfon, WhatsApp, cita i formulari amb context. No hi ha dades de període/mostra per confirmar una millora de rebot o permanència.",assets/js/main.js; assets/js/appointment.js; docs/seo-onpage-2026-09-16/tracking.md,https://www.estudidentalcarrera.com/es/clinica-dental-lleida.html,sense_canvi_proposat,"Revisar sessions, període, consentiment, contactes i primera visita real; no es declara resolt l’avís UX."
29,SEO Ideas!A29:D29,7.55,https://www.estudidentalcarrera.com/es/clinica-dental-lleida.html,dentista urgencias,The amount of time visitors are spending on this page is suspiciously low. Try to adjust all factors that may be causing users to leave too quickly.,UX_permanencia,mesurament_millorat_pendent_dades,"El senyal és de la pàgina, no una mètrica independent per cada keyword. El tracking de contacte publicat a f9b50c1 separa telèfon, WhatsApp, cita i formulari amb context. No hi ha dades de període/mostra per confirmar una millora de rebot o permanència.",assets/js/main.js; assets/js/appointment.js; docs/seo-onpage-2026-09-16/tracking.md,https://www.estudidentalcarrera.com/es/clinica-dental-lleida.html,sense_canvi_proposat,"Revisar sessions, període, consentiment, contactes i primera visita real; no es declara resolt l’avís UX."
30,SEO Ideas!A30:D30,7.55,https://www.estudidentalcarrera.com/es/clinica-dental-lleida.html,dentista urgencias lleida,This page has a high bounce rate. Try to analyze and adjust all factors that may be increasing your bounce rate.,UX_rebot,mesurament_millorat_pendent_dades,"El senyal és de la pàgina, no una mètrica independent per cada keyword. El tracking de contacte publicat a f9b50c1 separa telèfon, WhatsApp, cita i formulari amb context. No hi ha dades de període/mostra per confirmar una millora de rebot o permanència.",assets/js/main.js; assets/js/appointment.js; docs/seo-onpage-2026-09-16/tracking.md,https://www.estudidentalcarrera.com/es/clinica-dental-lleida.html,sense_canvi_proposat,"Revisar sessions, període, consentiment, contactes i primera visita real; no es declara resolt l’avís UX."
31,SEO Ideas!A31:D31,7.55,https://www.estudidentalcarrera.com/es/clinica-dental-lleida.html,dentista urgencias lleida,The amount of time visitors are spending on this page is suspiciously low. Try to adjust all factors that may be causing users to leave too quickly.,UX_permanencia,mesurament_millorat_pendent_dades,"El senyal és de la pàgina, no una mètrica independent per cada keyword. El tracking de contacte publicat a f9b50c1 separa telèfon, WhatsApp, cita i formulari amb context. No hi ha dades de període/mostra per confirmar una millora de rebot o permanència.",assets/js/main.js; assets/js/appointment.js; docs/seo-onpage-2026-09-16/tracking.md,https://www.estudidentalcarrera.com/es/clinica-dental-lleida.html,sense_canvi_proposat,"Revisar sessions, període, consentiment, contactes i primera visita real; no es declara resolt l’avís UX."
32,SEO Ideas!A32:D32,7.80,https://www.estudidentalcarrera.com/es/,estudi dental carrera,This page has a high bounce rate. Try to analyze and adjust all factors that may be increasing your bounce rate.,UX_rebot,mesurament_millorat_pendent_dades,"El senyal és de la pàgina, no una mètrica independent per cada keyword. El tracking de contacte publicat a f9b50c1 separa telèfon, WhatsApp, cita i formulari amb context. No hi ha dades de període/mostra per confirmar una millora de rebot o permanència.",assets/js/main.js; assets/js/appointment.js; docs/seo-onpage-2026-09-16/tracking.md,https://www.estudidentalcarrera.com/es/,sense_canvi_proposat,"Revisar sessions, període, consentiment, contactes i primera visita real; no es declara resolt l’avís UX."
33,SEO Ideas!A33:D33,7.80,https://www.estudidentalcarrera.com/es/,estudi dental carrera lleida,This page has a high bounce rate. Try to analyze and adjust all factors that may be increasing your bounce rate.,UX_rebot,mesurament_millorat_pendent_dades,"El senyal és de la pàgina, no una mètrica independent per cada keyword. El tracking de contacte publicat a f9b50c1 separa telèfon, WhatsApp, cita i formulari amb context. No hi ha dades de període/mostra per confirmar una millora de rebot o permanència.",assets/js/main.js; assets/js/appointment.js; docs/seo-onpage-2026-09-16/tracking.md,https://www.estudidentalcarrera.com/es/,sense_canvi_proposat,"Revisar sessions, període, consentiment, contactes i primera visita real; no es declara resolt l’avís UX."
34,SEO Ideas!A34:D34,7.80,https://www.estudidentalcarrera.com/es/,clinica dental carreras,This page has a high bounce rate. Try to analyze and adjust all factors that may be increasing your bounce rate.,UX_rebot,mesurament_millorat_pendent_dades,"El senyal és de la pàgina, no una mètrica independent per cada keyword. El tracking de contacte publicat a f9b50c1 separa telèfon, WhatsApp, cita i formulari amb context. No hi ha dades de període/mostra per confirmar una millora de rebot o permanència.",assets/js/main.js; assets/js/appointment.js; docs/seo-onpage-2026-09-16/tracking.md,https://www.estudidentalcarrera.com/es/,sense_canvi_proposat,"Revisar sessions, període, consentiment, contactes i primera visita real; no es declara resolt l’avís UX."
35,SEO Ideas!A35:D35,7.80,https://www.estudidentalcarrera.com/es/,clínica dental carrera,This page has a high bounce rate. Try to analyze and adjust all factors that may be increasing your bounce rate.,UX_rebot,mesurament_millorat_pendent_dades,"El senyal és de la pàgina, no una mètrica independent per cada keyword. El tracking de contacte publicat a f9b50c1 separa telèfon, WhatsApp, cita i formulari amb context. No hi ha dades de període/mostra per confirmar una millora de rebot o permanència.",assets/js/main.js; assets/js/appointment.js; docs/seo-onpage-2026-09-16/tracking.md,https://www.estudidentalcarrera.com/es/,sense_canvi_proposat,"Revisar sessions, període, consentiment, contactes i primera visita real; no es declara resolt l’avís UX."
36,SEO Ideas!A36:D36,7.80,https://www.estudidentalcarrera.com/es/,dentista lleida,This page has a high bounce rate. Try to analyze and adjust all factors that may be increasing your bounce rate.,UX_rebot,mesurament_millorat_pendent_dades,"El senyal és de la pàgina, no una mètrica independent per cada keyword. El tracking de contacte publicat a f9b50c1 separa telèfon, WhatsApp, cita i formulari amb context. No hi ha dades de període/mostra per confirmar una millora de rebot o permanència.","assets/js/main.js; assets/js/appointment.js; docs/seo-onpage-2026-09-16/tracking.md | Semrush On Page SEO Checker, 16/09/2026: readback de l’agent principal després de desar; etiqueta exacta «dentista lleida» a /es/clinica-dental-lleida.html. La destinació ha passat de 12 a 14 keywords amb dentista lleida i dentistas en lleida.",https://www.estudidentalcarrera.com/es/clinica-dental-lleida.html,confirmada_readback_semrush,"Revisar sessions, període, consentiment, contactes i primera visita real; no es declara resolt l’avís UX."
37,SEO Ideas!A37:D37,7.80,https://www.estudidentalcarrera.com/es/,clínica carrera,This page has a high bounce rate. Try to analyze and adjust all factors that may be increasing your bounce rate.,UX_rebot,mesurament_millorat_pendent_dades,"El senyal és de la pàgina, no una mètrica independent per cada keyword. El tracking de contacte publicat a f9b50c1 separa telèfon, WhatsApp, cita i formulari amb context. No hi ha dades de període/mostra per confirmar una millora de rebot o permanència.",assets/js/main.js; assets/js/appointment.js; docs/seo-onpage-2026-09-16/tracking.md,https://www.estudidentalcarrera.com/es/,sense_canvi_proposat,"Revisar sessions, període, consentiment, contactes i primera visita real; no es declara resolt l’avís UX."
38,SEO Ideas!A38:D38,7.80,https://www.estudidentalcarrera.com/es/,dentistas en lleida,This page has a high bounce rate. Try to analyze and adjust all factors that may be increasing your bounce rate.,UX_rebot,mesurament_millorat_pendent_dades,"El senyal és de la pàgina, no una mètrica independent per cada keyword. El tracking de contacte publicat a f9b50c1 separa telèfon, WhatsApp, cita i formulari amb context. No hi ha dades de període/mostra per confirmar una millora de rebot o permanència.","assets/js/main.js; assets/js/appointment.js; docs/seo-onpage-2026-09-16/tracking.md | Semrush On Page SEO Checker, 16/09/2026: readback de l’agent principal després de desar; etiqueta exacta «dentistas en lleida» a /es/clinica-dental-lleida.html. La destinació ha passat de 12 a 14 keywords amb dentista lleida i dentistas en lleida.",https://www.estudidentalcarrera.com/es/clinica-dental-lleida.html,confirmada_readback_semrush,"Revisar sessions, període, consentiment, contactes i primera visita real; no es declara resolt l’avís UX."
39,SEO Ideas!A39:D39,0.00,https://www.estudidentalcarrera.com/equip.html,carme roure lleida,This page has a high bounce rate. Try to analyze and adjust all factors that may be increasing your bounce rate.,UX_rebot,mesurament_millorat_pendent_dades,"El senyal és de la pàgina, no una mètrica independent per cada keyword. El tracking de contacte publicat a f9b50c1 separa telèfon, WhatsApp, cita i formulari amb context. No hi ha dades de període/mostra per confirmar una millora de rebot o permanència. Aquesta tanda afegeix un accés directe a cita a Tremp; el seu impacte queda pendent.",assets/js/main.js; assets/js/appointment.js; docs/seo-onpage-2026-09-16/tracking.md,https://www.estudidentalcarrera.com/equip.html,sense_canvi_proposat,"Revisar sessions, període, consentiment, contactes i primera visita real; no es declara resolt l’avís UX."
40,SEO Ideas!A40:D40,0.00,https://www.estudidentalcarrera.com/equip.html,carme roure lleida,The amount of time visitors are spending on this page is suspiciously low. Try to adjust all factors that may be causing users to leave too quickly.,UX_permanencia,mesurament_millorat_pendent_dades,"El senyal és de la pàgina, no una mètrica independent per cada keyword. El tracking de contacte publicat a f9b50c1 separa telèfon, WhatsApp, cita i formulari amb context. No hi ha dades de període/mostra per confirmar una millora de rebot o permanència. Aquesta tanda afegeix un accés directe a cita a Tremp; el seu impacte queda pendent.",assets/js/main.js; assets/js/appointment.js; docs/seo-onpage-2026-09-16/tracking.md,https://www.estudidentalcarrera.com/equip.html,sense_canvi_proposat,"Revisar sessions, període, consentiment, contactes i primera visita real; no es declara resolt l’avís UX."
41,SEO Ideas!A41:D41,1.54,https://www.estudidentalcarrera.com/es/sedes.html,estudi dental tremp,This page has a high bounce rate. Try to analyze and adjust all factors that may be increasing your bounce rate.,UX_rebot,mesurament_millorat_pendent_dades,"El senyal és de la pàgina, no una mètrica independent per cada keyword. El tracking de contacte publicat a f9b50c1 separa telèfon, WhatsApp, cita i formulari amb context. No hi ha dades de període/mostra per confirmar una millora de rebot o permanència.","assets/js/main.js; assets/js/appointment.js; docs/seo-onpage-2026-09-16/tracking.md | Semrush 16/09/2026, readback de l’agent principal: /es/dentista-tremp.html. Taula posterior a desar: clinica dental tremp + 2 més, 3 keywords.",https://www.estudidentalcarrera.com/es/dentista-tremp.html,confirmada_readback_semrush,"Revisar sessions, període, consentiment, contactes i primera visita real; no es declara resolt l’avís UX."
42,SEO Ideas!A42:D42,1.54,https://www.estudidentalcarrera.com/es/sedes.html,estudi dental tremp,The amount of time visitors are spending on this page is suspiciously low. Try to adjust all factors that may be causing users to leave too quickly.,UX_permanencia,mesurament_millorat_pendent_dades,"El senyal és de la pàgina, no una mètrica independent per cada keyword. El tracking de contacte publicat a f9b50c1 separa telèfon, WhatsApp, cita i formulari amb context. No hi ha dades de període/mostra per confirmar una millora de rebot o permanència.","assets/js/main.js; assets/js/appointment.js; docs/seo-onpage-2026-09-16/tracking.md | Semrush 16/09/2026, readback de l’agent principal: /es/dentista-tremp.html. Taula posterior a desar: clinica dental tremp + 2 més, 3 keywords.",https://www.estudidentalcarrera.com/es/dentista-tremp.html,confirmada_readback_semrush,"Revisar sessions, període, consentiment, contactes i primera visita real; no es declara resolt l’avís UX."
43,SEO Ideas!A43:D43,1.54,https://www.estudidentalcarrera.com/es/sedes.html,clinica dental carrera,This page has a high bounce rate. Try to analyze and adjust all factors that may be increasing your bounce rate.,UX_rebot,mesurament_millorat_pendent_dades,"El senyal és de la pàgina, no una mètrica independent per cada keyword. El tracking de contacte publicat a f9b50c1 separa telèfon, WhatsApp, cita i formulari amb context. No hi ha dades de període/mostra per confirmar una millora de rebot o permanència.","assets/js/main.js; assets/js/appointment.js; docs/seo-onpage-2026-09-16/tracking.md | Semrush 16/09/2026, readback de l’agent principal: modal /es/ desat amb 11 keywords, les 6 noves de marca i les 5 preexistents preservades; taula /es/ mostra carrera clinica, 10 més, en recopilació.",https://www.estudidentalcarrera.com/es/,confirmada_readback_semrush,"Revisar sessions, període, consentiment, contactes i primera visita real; no es declara resolt l’avís UX."
44,SEO Ideas!A44:D44,1.54,https://www.estudidentalcarrera.com/es/sedes.html,clinica dental carrera,The amount of time visitors are spending on this page is suspiciously low. Try to adjust all factors that may be causing users to leave too quickly.,UX_permanencia,mesurament_millorat_pendent_dades,"El senyal és de la pàgina, no una mètrica independent per cada keyword. El tracking de contacte publicat a f9b50c1 separa telèfon, WhatsApp, cita i formulari amb context. No hi ha dades de període/mostra per confirmar una millora de rebot o permanència.","assets/js/main.js; assets/js/appointment.js; docs/seo-onpage-2026-09-16/tracking.md | Semrush 16/09/2026, readback de l’agent principal: modal /es/ desat amb 11 keywords, les 6 noves de marca i les 5 preexistents preservades; taula /es/ mostra carrera clinica, 10 més, en recopilació.",https://www.estudidentalcarrera.com/es/,confirmada_readback_semrush,"Revisar sessions, període, consentiment, contactes i primera visita real; no es declara resolt l’avís UX."
45,SEO Ideas!A45:D45,1.54,https://www.estudidentalcarrera.com/es/sedes.html,dentista tremp,This page has a high bounce rate. Try to analyze and adjust all factors that may be increasing your bounce rate.,UX_rebot,mesurament_millorat_pendent_dades,"El senyal és de la pàgina, no una mètrica independent per cada keyword. El tracking de contacte publicat a f9b50c1 separa telèfon, WhatsApp, cita i formulari amb context. No hi ha dades de període/mostra per confirmar una millora de rebot o permanència.","assets/js/main.js; assets/js/appointment.js; docs/seo-onpage-2026-09-16/tracking.md | Semrush 16/09/2026, readback de l’agent principal: /es/dentista-tremp.html. Taula posterior a desar: clinica dental tremp + 2 més, 3 keywords.",https://www.estudidentalcarrera.com/es/dentista-tremp.html,confirmada_readback_semrush,"Revisar sessions, període, consentiment, contactes i primera visita real; no es declara resolt l’avís UX."
46,SEO Ideas!A46:D46,1.54,https://www.estudidentalcarrera.com/es/sedes.html,dentista tremp,The amount of time visitors are spending on this page is suspiciously low. Try to adjust all factors that may be causing users to leave too quickly.,UX_permanencia,mesurament_millorat_pendent_dades,"El senyal és de la pàgina, no una mètrica independent per cada keyword. El tracking de contacte publicat a f9b50c1 separa telèfon, WhatsApp, cita i formulari amb context. No hi ha dades de període/mostra per confirmar una millora de rebot o permanència.","assets/js/main.js; assets/js/appointment.js; docs/seo-onpage-2026-09-16/tracking.md | Semrush 16/09/2026, readback de l’agent principal: /es/dentista-tremp.html. Taula posterior a desar: clinica dental tremp + 2 més, 3 keywords.",https://www.estudidentalcarrera.com/es/dentista-tremp.html,confirmada_readback_semrush,"Revisar sessions, període, consentiment, contactes i primera visita real; no es declara resolt l’avís UX."
47,SEO Ideas!A47:D47,0.33,https://www.estudidentalcarrera.com/seus.html,dental carrera,This page has a high bounce rate. Try to analyze and adjust all factors that may be increasing your bounce rate.,UX_rebot,mesurament_millorat_pendent_dades,"El senyal és de la pàgina, no una mètrica independent per cada keyword. El tracking de contacte publicat a f9b50c1 separa telèfon, WhatsApp, cita i formulari amb context. No hi ha dades de període/mostra per confirmar una millora de rebot o permanència.","assets/js/main.js; assets/js/appointment.js; docs/seo-onpage-2026-09-16/tracking.md | Semrush 16/09/2026, readback de l’agent principal: modal /es/ desat amb 11 keywords, les 6 noves de marca i les 5 preexistents preservades; taula /es/ mostra carrera clinica, 10 més, en recopilació.",https://www.estudidentalcarrera.com/es/,confirmada_readback_semrush,"Revisar sessions, període, consentiment, contactes i primera visita real; no es declara resolt l’avís UX."
48,SEO Ideas!A48:D48,0.54,https://www.estudidentalcarrera.com/es/implantes-dentales.html,implantes dentales lleida,This page has a high bounce rate. Try to analyze and adjust all factors that may be increasing your bounce rate.,UX_rebot,mesurament_millorat_pendent_dades,"El senyal és de la pàgina, no una mètrica independent per cada keyword. El tracking de contacte publicat a f9b50c1 separa telèfon, WhatsApp, cita i formulari amb context. No hi ha dades de període/mostra per confirmar una millora de rebot o permanència.",assets/js/main.js; assets/js/appointment.js; docs/seo-onpage-2026-09-16/tracking.md,https://www.estudidentalcarrera.com/es/implantes-dentales.html,sense_canvi_proposat,"Revisar sessions, període, consentiment, contactes i primera visita real; no es declara resolt l’avís UX."
49,SEO Ideas!A49:D49,0.54,https://www.estudidentalcarrera.com/es/implantes-dentales.html,implantes dentales lleida,The amount of time visitors are spending on this page is suspiciously low. Try to adjust all factors that may be causing users to leave too quickly.,UX_permanencia,mesurament_millorat_pendent_dades,"El senyal és de la pàgina, no una mètrica independent per cada keyword. El tracking de contacte publicat a f9b50c1 separa telèfon, WhatsApp, cita i formulari amb context. No hi ha dades de període/mostra per confirmar una millora de rebot o permanència.",assets/js/main.js; assets/js/appointment.js; docs/seo-onpage-2026-09-16/tracking.md,https://www.estudidentalcarrera.com/es/implantes-dentales.html,sense_canvi_proposat,"Revisar sessions, període, consentiment, contactes i primera visita real; no es declara resolt l’avís UX."
50,SEO Ideas!A50:D50,1.13,https://www.estudidentalcarrera.com/,clinica carrera madrid,This page has a high bounce rate. Try to analyze and adjust all factors that may be increasing your bounce rate.,UX_rebot,no_aplica,"Keyword de competidor o d’una ubicació aliena: clinica carrera madrid. No s’adapta el web de Carrera per presentar una altra clínica, professional o ciutat.",Excel SEO Ideas!C50:D50; equip.html; data/clinics.js,,no_es_reassigna_ni_selimina_historial,No s’ha eliminat cap keyword ni historial de Semrush.
51,SEO Ideas!A51:D51,1.13,https://www.estudidentalcarrera.com/,clinica carrera madrid,The amount of time visitors are spending on this page is suspiciously low. Try to adjust all factors that may be causing users to leave too quickly.,UX_permanencia,no_aplica,"Keyword de competidor o d’una ubicació aliena: clinica carrera madrid. No s’adapta el web de Carrera per presentar una altra clínica, professional o ciutat.",Excel SEO Ideas!C51:D51; equip.html; data/clinics.js,,no_es_reassigna_ni_selimina_historial,No s’ha eliminat cap keyword ni historial de Semrush.
52,SEO Ideas!A52:D52,1.13,https://www.estudidentalcarrera.com/,carrera clinica,This page has a high bounce rate. Try to analyze and adjust all factors that may be increasing your bounce rate.,UX_rebot,mesurament_millorat_pendent_dades,"El senyal és de la pàgina, no una mètrica independent per cada keyword. El tracking de contacte publicat a f9b50c1 separa telèfon, WhatsApp, cita i formulari amb context. No hi ha dades de període/mostra per confirmar una millora de rebot o permanència.","assets/js/main.js; assets/js/appointment.js; docs/seo-onpage-2026-09-16/tracking.md | Semrush 16/09/2026, readback de l’agent principal: modal /es/ desat amb 11 keywords, les 6 noves de marca i les 5 preexistents preservades; taula /es/ mostra carrera clinica, 10 més, en recopilació.",https://www.estudidentalcarrera.com/es/,confirmada_readback_semrush,"Revisar sessions, període, consentiment, contactes i primera visita real; no es declara resolt l’avís UX."
53,SEO Ideas!A53:D53,1.13,https://www.estudidentalcarrera.com/,carrera clinica,The amount of time visitors are spending on this page is suspiciously low. Try to adjust all factors that may be causing users to leave too quickly.,UX_permanencia,mesurament_millorat_pendent_dades,"El senyal és de la pàgina, no una mètrica independent per cada keyword. El tracking de contacte publicat a f9b50c1 separa telèfon, WhatsApp, cita i formulari amb context. No hi ha dades de període/mostra per confirmar una millora de rebot o permanència.","assets/js/main.js; assets/js/appointment.js; docs/seo-onpage-2026-09-16/tracking.md | Semrush 16/09/2026, readback de l’agent principal: modal /es/ desat amb 11 keywords, les 6 noves de marca i les 5 preexistents preservades; taula /es/ mostra carrera clinica, 10 més, en recopilació.",https://www.estudidentalcarrera.com/es/,confirmada_readback_semrush,"Revisar sessions, període, consentiment, contactes i primera visita real; no es declara resolt l’avís UX."
54,SEO Ideas!A54:D54,1.13,https://www.estudidentalcarrera.com/,dentistes a lleida,This page has a high bounce rate. Try to analyze and adjust all factors that may be increasing your bounce rate.,UX_rebot,mesurament_millorat_pendent_dades,"El senyal és de la pàgina, no una mètrica independent per cada keyword. El tracking de contacte publicat a f9b50c1 separa telèfon, WhatsApp, cita i formulari amb context. No hi ha dades de període/mostra per confirmar una millora de rebot o permanència.","assets/js/main.js; assets/js/appointment.js; docs/seo-onpage-2026-09-16/tracking.md | Semrush 16/09/2026, readback de l’agent principal: /clinica-dental-lleida.html. Taula posterior a desar: dentistes a lleida + 1 més, 2 keywords.",https://www.estudidentalcarrera.com/clinica-dental-lleida.html,confirmada_readback_semrush,"Revisar sessions, període, consentiment, contactes i primera visita real; no es declara resolt l’avís UX."
55,SEO Ideas!A55:D55,1.13,https://www.estudidentalcarrera.com/,dentistes a lleida,The amount of time visitors are spending on this page is suspiciously low. Try to adjust all factors that may be causing users to leave too quickly.,UX_permanencia,mesurament_millorat_pendent_dades,"El senyal és de la pàgina, no una mètrica independent per cada keyword. El tracking de contacte publicat a f9b50c1 separa telèfon, WhatsApp, cita i formulari amb context. No hi ha dades de període/mostra per confirmar una millora de rebot o permanència.","assets/js/main.js; assets/js/appointment.js; docs/seo-onpage-2026-09-16/tracking.md | Semrush 16/09/2026, readback de l’agent principal: /clinica-dental-lleida.html. Taula posterior a desar: dentistes a lleida + 1 més, 2 keywords.",https://www.estudidentalcarrera.com/clinica-dental-lleida.html,confirmada_readback_semrush,"Revisar sessions, període, consentiment, contactes i primera visita real; no es declara resolt l’avís UX."
56,SEO Ideas!A56:D56,1.13,https://www.estudidentalcarrera.com/,clinica carrera lleida,This page has a high bounce rate. Try to analyze and adjust all factors that may be increasing your bounce rate.,UX_rebot,mesurament_millorat_pendent_dades,"El senyal és de la pàgina, no una mètrica independent per cada keyword. El tracking de contacte publicat a f9b50c1 separa telèfon, WhatsApp, cita i formulari amb context. No hi ha dades de període/mostra per confirmar una millora de rebot o permanència.","assets/js/main.js; assets/js/appointment.js; docs/seo-onpage-2026-09-16/tracking.md | Semrush 16/09/2026, readback de l’agent principal: modal /es/ desat amb 11 keywords, les 6 noves de marca i les 5 preexistents preservades; taula /es/ mostra carrera clinica, 10 més, en recopilació.",https://www.estudidentalcarrera.com/es/,confirmada_readback_semrush,"Revisar sessions, període, consentiment, contactes i primera visita real; no es declara resolt l’avís UX."
57,SEO Ideas!A57:D57,1.13,https://www.estudidentalcarrera.com/,clinica carrera lleida,The amount of time visitors are spending on this page is suspiciously low. Try to adjust all factors that may be causing users to leave too quickly.,UX_permanencia,mesurament_millorat_pendent_dades,"El senyal és de la pàgina, no una mètrica independent per cada keyword. El tracking de contacte publicat a f9b50c1 separa telèfon, WhatsApp, cita i formulari amb context. No hi ha dades de període/mostra per confirmar una millora de rebot o permanència.","assets/js/main.js; assets/js/appointment.js; docs/seo-onpage-2026-09-16/tracking.md | Semrush 16/09/2026, readback de l’agent principal: modal /es/ desat amb 11 keywords, les 6 noves de marca i les 5 preexistents preservades; taula /es/ mostra carrera clinica, 10 més, en recopilació.",https://www.estudidentalcarrera.com/es/,confirmada_readback_semrush,"Revisar sessions, període, consentiment, contactes i primera visita real; no es declara resolt l’avís UX."
58,SEO Ideas!A58:D58,1.13,https://www.estudidentalcarrera.com/,clinica carrera,This page has a high bounce rate. Try to analyze and adjust all factors that may be increasing your bounce rate.,UX_rebot,mesurament_millorat_pendent_dades,"El senyal és de la pàgina, no una mètrica independent per cada keyword. El tracking de contacte publicat a f9b50c1 separa telèfon, WhatsApp, cita i formulari amb context. No hi ha dades de període/mostra per confirmar una millora de rebot o permanència.","assets/js/main.js; assets/js/appointment.js; docs/seo-onpage-2026-09-16/tracking.md | Semrush 16/09/2026, readback de l’agent principal: modal /es/ desat amb 11 keywords, les 6 noves de marca i les 5 preexistents preservades; taula /es/ mostra carrera clinica, 10 més, en recopilació.",https://www.estudidentalcarrera.com/es/,confirmada_readback_semrush,"Revisar sessions, període, consentiment, contactes i primera visita real; no es declara resolt l’avís UX."
59,SEO Ideas!A59:D59,1.13,https://www.estudidentalcarrera.com/,clinica carrera,The amount of time visitors are spending on this page is suspiciously low. Try to adjust all factors that may be causing users to leave too quickly.,UX_permanencia,mesurament_millorat_pendent_dades,"El senyal és de la pàgina, no una mètrica independent per cada keyword. El tracking de contacte publicat a f9b50c1 separa telèfon, WhatsApp, cita i formulari amb context. No hi ha dades de període/mostra per confirmar una millora de rebot o permanència.","assets/js/main.js; assets/js/appointment.js; docs/seo-onpage-2026-09-16/tracking.md | Semrush 16/09/2026, readback de l’agent principal: modal /es/ desat amb 11 keywords, les 6 noves de marca i les 5 preexistents preservades; taula /es/ mostra carrera clinica, 10 més, en recopilació.",https://www.estudidentalcarrera.com/es/,confirmada_readback_semrush,"Revisar sessions, període, consentiment, contactes i primera visita real; no es declara resolt l’avís UX."
60,SEO Ideas!A60:D60,1.13,https://www.estudidentalcarrera.com/,dentista perera lleida,This page has a high bounce rate. Try to analyze and adjust all factors that may be increasing your bounce rate.,UX_rebot,no_aplica,"Keyword de competidor o d’una ubicació aliena: dentista perera lleida. No s’adapta el web de Carrera per presentar una altra clínica, professional o ciutat.",Excel SEO Ideas!C60:D60; equip.html; data/clinics.js,,no_es_reassigna_ni_selimina_historial,No s’ha eliminat cap keyword ni historial de Semrush.
61,SEO Ideas!A61:D61,1.13,https://www.estudidentalcarrera.com/,dentista perera lleida,The amount of time visitors are spending on this page is suspiciously low. Try to adjust all factors that may be causing users to leave too quickly.,UX_permanencia,no_aplica,"Keyword de competidor o d’una ubicació aliena: dentista perera lleida. No s’adapta el web de Carrera per presentar una altra clínica, professional o ciutat.",Excel SEO Ideas!C61:D61; equip.html; data/clinics.js,,no_es_reassigna_ni_selimina_historial,No s’ha eliminat cap keyword ni historial de Semrush.
62,SEO Ideas!A62:D62,0.51,https://www.estudidentalcarrera.com/es/servicios.html,cirugia periodontal en lleida,This page has a high bounce rate. Try to analyze and adjust all factors that may be increasing your bounce rate.,UX_rebot,mesurament_millorat_pendent_dades,"El senyal és de la pàgina, no una mètrica independent per cada keyword. El tracking de contacte publicat a f9b50c1 separa telèfon, WhatsApp, cita i formulari amb context. No hi ha dades de període/mostra per confirmar una millora de rebot o permanència.","assets/js/main.js; assets/js/appointment.js; docs/seo-onpage-2026-09-16/tracking.md | Semrush On Page SEO Checker, 16/09/2026: readback de l’agent principal després de desar; etiqueta exacta «cirugia periodontal en lleida» a /es/periodoncia-endodoncia.html. La destinació ha passat de 3 a 5 keywords amb periodoncia en lleida i cirugia periodontal en lleida.",https://www.estudidentalcarrera.com/es/periodoncia-endodoncia.html,confirmada_readback_semrush,"Revisar sessions, període, consentiment, contactes i primera visita real; no es declara resolt l’avís UX."
63,SEO Ideas!A63:D63,0.51,https://www.estudidentalcarrera.com/es/servicios.html,cirugia periodontal en lleida,The amount of time visitors are spending on this page is suspiciously low. Try to adjust all factors that may be causing users to leave too quickly.,UX_permanencia,mesurament_millorat_pendent_dades,"El senyal és de la pàgina, no una mètrica independent per cada keyword. El tracking de contacte publicat a f9b50c1 separa telèfon, WhatsApp, cita i formulari amb context. No hi ha dades de període/mostra per confirmar una millora de rebot o permanència.","assets/js/main.js; assets/js/appointment.js; docs/seo-onpage-2026-09-16/tracking.md | Semrush On Page SEO Checker, 16/09/2026: readback de l’agent principal després de desar; etiqueta exacta «cirugia periodontal en lleida» a /es/periodoncia-endodoncia.html. La destinació ha passat de 3 a 5 keywords amb periodoncia en lleida i cirugia periodontal en lleida.",https://www.estudidentalcarrera.com/es/periodoncia-endodoncia.html,confirmada_readback_semrush,"Revisar sessions, període, consentiment, contactes i primera visita real; no es declara resolt l’avís UX."
64,SEO Ideas!A64:D64,1.14,https://www.estudidentalcarrera.com/es/equipo.html,dentista qui,This page has a high bounce rate. Try to analyze and adjust all factors that may be increasing your bounce rate.,UX_rebot,no_aplica,"Keyword de competidor o d’una ubicació aliena: dentista qui. No s’adapta el web de Carrera per presentar una altra clínica, professional o ciutat.",Excel SEO Ideas!C64:D64; equip.html; data/clinics.js,,no_es_reassigna_ni_selimina_historial,No s’ha eliminat cap keyword ni historial de Semrush.
65,SEO Ideas!A65:D65,1.14,https://www.estudidentalcarrera.com/es/equipo.html,dentista qui,The amount of time visitors are spending on this page is suspiciously low. Try to adjust all factors that may be causing users to leave too quickly.,UX_permanencia,no_aplica,"Keyword de competidor o d’una ubicació aliena: dentista qui. No s’adapta el web de Carrera per presentar una altra clínica, professional o ciutat.",Excel SEO Ideas!C65:D65; equip.html; data/clinics.js,,no_es_reassigna_ni_selimina_historial,No s’ha eliminat cap keyword ni historial de Semrush.
66,SEO Ideas!A66:D66,1.14,https://www.estudidentalcarrera.com/es/equipo.html,ramon perera lleida,This page has a high bounce rate. Try to analyze and adjust all factors that may be increasing your bounce rate.,UX_rebot,no_aplica,"Keyword de competidor o d’una ubicació aliena: ramon perera lleida. No s’adapta el web de Carrera per presentar una altra clínica, professional o ciutat.",Excel SEO Ideas!C66:D66; equip.html; data/clinics.js,,no_es_reassigna_ni_selimina_historial,No s’ha eliminat cap keyword ni historial de Semrush.
67,SEO Ideas!A67:D67,1.14,https://www.estudidentalcarrera.com/es/equipo.html,ramon perera lleida,The amount of time visitors are spending on this page is suspiciously low. Try to adjust all factors that may be causing users to leave too quickly.,UX_permanencia,no_aplica,"Keyword de competidor o d’una ubicació aliena: ramon perera lleida. No s’adapta el web de Carrera per presentar una altra clínica, professional o ciutat.",Excel SEO Ideas!C67:D67; equip.html; data/clinics.js,,no_es_reassigna_ni_selimina_historial,No s’ha eliminat cap keyword ni historial de Semrush.
68,SEO Ideas!A68:D68,1.14,https://www.estudidentalcarrera.com/es/equipo.html,carreras dental,This page has a high bounce rate. Try to analyze and adjust all factors that may be increasing your bounce rate.,UX_rebot,mesurament_millorat_pendent_dades,"El senyal és de la pàgina, no una mètrica independent per cada keyword. El tracking de contacte publicat a f9b50c1 separa telèfon, WhatsApp, cita i formulari amb context. No hi ha dades de període/mostra per confirmar una millora de rebot o permanència.",assets/js/main.js; assets/js/appointment.js; docs/seo-onpage-2026-09-16/tracking.md,,descartada_marca_aliena_historial_preservat,"Revisar sessions, període, consentiment, contactes i primera visita real; no es declara resolt l’avís UX."
69,SEO Ideas!A69:D69,1.14,https://www.estudidentalcarrera.com/es/equipo.html,carreras dental,The amount of time visitors are spending on this page is suspiciously low. Try to adjust all factors that may be causing users to leave too quickly.,UX_permanencia,mesurament_millorat_pendent_dades,"El senyal és de la pàgina, no una mètrica independent per cada keyword. El tracking de contacte publicat a f9b50c1 separa telèfon, WhatsApp, cita i formulari amb context. No hi ha dades de període/mostra per confirmar una millora de rebot o permanència.",assets/js/main.js; assets/js/appointment.js; docs/seo-onpage-2026-09-16/tracking.md,,descartada_marca_aliena_historial_preservat,"Revisar sessions, període, consentiment, contactes i primera visita real; no es declara resolt l’avís UX."
70,SEO Ideas!A70:D70,0.60,https://www.estudidentalcarrera.com/clinica-dental-lleida.html,endodòncia a lleida,This page has a high bounce rate. Try to analyze and adjust all factors that may be increasing your bounce rate.,UX_rebot,mesurament_millorat_pendent_dades,"El senyal és de la pàgina, no una mètrica independent per cada keyword. El tracking de contacte publicat a f9b50c1 separa telèfon, WhatsApp, cita i formulari amb context. No hi ha dades de període/mostra per confirmar una millora de rebot o permanència.","assets/js/main.js; assets/js/appointment.js; docs/seo-onpage-2026-09-16/tracking.md | Semrush 16/09/2026, readback de l’agent principal: modal desat amb URL /periodoncia-endodoncia.html i les dues keywords exactes; taula mostra la URL i endodòncia a lleida, 1 més, en recopilació.",https://www.estudidentalcarrera.com/periodoncia-endodoncia.html,confirmada_readback_semrush,"Revisar sessions, període, consentiment, contactes i primera visita real; no es declara resolt l’avís UX."
71,SEO Ideas!A71:D71,0.60,https://www.estudidentalcarrera.com/clinica-dental-lleida.html,endodòncia a lleida,The amount of time visitors are spending on this page is suspiciously low. Try to adjust all factors that may be causing users to leave too quickly.,UX_permanencia,mesurament_millorat_pendent_dades,"El senyal és de la pàgina, no una mètrica independent per cada keyword. El tracking de contacte publicat a f9b50c1 separa telèfon, WhatsApp, cita i formulari amb context. No hi ha dades de període/mostra per confirmar una millora de rebot o permanència.","assets/js/main.js; assets/js/appointment.js; docs/seo-onpage-2026-09-16/tracking.md | Semrush 16/09/2026, readback de l’agent principal: modal desat amb URL /periodoncia-endodoncia.html i les dues keywords exactes; taula mostra la URL i endodòncia a lleida, 1 més, en recopilació.",https://www.estudidentalcarrera.com/periodoncia-endodoncia.html,confirmada_readback_semrush,"Revisar sessions, període, consentiment, contactes i primera visita real; no es declara resolt l’avís UX."
72,SEO Ideas!A72:D72,0.60,https://www.estudidentalcarrera.com/clinica-dental-lleida.html,millor clinica dental lleida,This page has a high bounce rate. Try to analyze and adjust all factors that may be increasing your bounce rate.,UX_rebot,mesurament_millorat_pendent_dades,"El senyal és de la pàgina, no una mètrica independent per cada keyword. El tracking de contacte publicat a f9b50c1 separa telèfon, WhatsApp, cita i formulari amb context. No hi ha dades de període/mostra per confirmar una millora de rebot o permanència.",assets/js/main.js; assets/js/appointment.js; docs/seo-onpage-2026-09-16/tracking.md,https://www.estudidentalcarrera.com/clinica-dental-lleida.html,sense_canvi_proposat,"Revisar sessions, període, consentiment, contactes i primera visita real; no es declara resolt l’avís UX."
73,SEO Ideas!A73:D73,0.60,https://www.estudidentalcarrera.com/clinica-dental-lleida.html,millor clinica dental lleida,The amount of time visitors are spending on this page is suspiciously low. Try to adjust all factors that may be causing users to leave too quickly.,UX_permanencia,mesurament_millorat_pendent_dades,"El senyal és de la pàgina, no una mètrica independent per cada keyword. El tracking de contacte publicat a f9b50c1 separa telèfon, WhatsApp, cita i formulari amb context. No hi ha dades de període/mostra per confirmar una millora de rebot o permanència.",assets/js/main.js; assets/js/appointment.js; docs/seo-onpage-2026-09-16/tracking.md,https://www.estudidentalcarrera.com/clinica-dental-lleida.html,sense_canvi_proposat,"Revisar sessions, període, consentiment, contactes i primera visita real; no es declara resolt l’avís UX."
74,SEO Ideas!A74:D74,0.94,https://www.estudidentalcarrera.com/es/estetica-dental.html,estetica dental lleida,This page has a high bounce rate. Try to analyze and adjust all factors that may be increasing your bounce rate.,UX_rebot,mesurament_millorat_pendent_dades,"El senyal és de la pàgina, no una mètrica independent per cada keyword. El tracking de contacte publicat a f9b50c1 separa telèfon, WhatsApp, cita i formulari amb context. No hi ha dades de període/mostra per confirmar una millora de rebot o permanència. Les millores de contacte de Tremp i les comparatives ja estan incloses a la base publicada.",assets/js/main.js; assets/js/appointment.js; docs/seo-onpage-2026-09-16/tracking.md,https://www.estudidentalcarrera.com/es/estetica-dental.html,sense_canvi_proposat,"Revisar sessions, període, consentiment, contactes i primera visita real; no es declara resolt l’avís UX."
75,SEO Ideas!A75:D75,0.94,https://www.estudidentalcarrera.com/es/estetica-dental.html,estetica dental lleida,The amount of time visitors are spending on this page is suspiciously low. Try to adjust all factors that may be causing users to leave too quickly.,UX_permanencia,mesurament_millorat_pendent_dades,"El senyal és de la pàgina, no una mètrica independent per cada keyword. El tracking de contacte publicat a f9b50c1 separa telèfon, WhatsApp, cita i formulari amb context. No hi ha dades de període/mostra per confirmar una millora de rebot o permanència. Les millores de contacte de Tremp i les comparatives ja estan incloses a la base publicada.",assets/js/main.js; assets/js/appointment.js; docs/seo-onpage-2026-09-16/tracking.md,https://www.estudidentalcarrera.com/es/estetica-dental.html,sense_canvi_proposat,"Revisar sessions, període, consentiment, contactes i primera visita real; no es declara resolt l’avís UX."
76,SEO Ideas!A76:D76,0.94,https://www.estudidentalcarrera.com/es/estetica-dental.html,carillas dentales en lleida,This page has a high bounce rate. Try to analyze and adjust all factors that may be increasing your bounce rate.,UX_rebot,mesurament_millorat_pendent_dades,"El senyal és de la pàgina, no una mètrica independent per cada keyword. El tracking de contacte publicat a f9b50c1 separa telèfon, WhatsApp, cita i formulari amb context. No hi ha dades de període/mostra per confirmar una millora de rebot o permanència. Les millores de contacte de Tremp i les comparatives ja estan incloses a la base publicada.",assets/js/main.js; assets/js/appointment.js; docs/seo-onpage-2026-09-16/tracking.md,https://www.estudidentalcarrera.com/es/estetica-dental.html,sense_canvi_proposat,"Revisar sessions, període, consentiment, contactes i primera visita real; no es declara resolt l’avís UX."
77,SEO Ideas!A77:D77,0.94,https://www.estudidentalcarrera.com/es/estetica-dental.html,carillas dentales en lleida,The amount of time visitors are spending on this page is suspiciously low. Try to adjust all factors that may be causing users to leave too quickly.,UX_permanencia,mesurament_millorat_pendent_dades,"El senyal és de la pàgina, no una mètrica independent per cada keyword. El tracking de contacte publicat a f9b50c1 separa telèfon, WhatsApp, cita i formulari amb context. No hi ha dades de període/mostra per confirmar una millora de rebot o permanència. Les millores de contacte de Tremp i les comparatives ja estan incloses a la base publicada.",assets/js/main.js; assets/js/appointment.js; docs/seo-onpage-2026-09-16/tracking.md,https://www.estudidentalcarrera.com/es/estetica-dental.html,sense_canvi_proposat,"Revisar sessions, període, consentiment, contactes i primera visita real; no es declara resolt l’avís UX."
78,SEO Ideas!A78:D78,0.94,https://www.estudidentalcarrera.com/es/estetica-dental.html,blanqueamiento dental lleida,This page has a high bounce rate. Try to analyze and adjust all factors that may be increasing your bounce rate.,UX_rebot,mesurament_millorat_pendent_dades,"El senyal és de la pàgina, no una mètrica independent per cada keyword. El tracking de contacte publicat a f9b50c1 separa telèfon, WhatsApp, cita i formulari amb context. No hi ha dades de període/mostra per confirmar una millora de rebot o permanència. Les millores de contacte de Tremp i les comparatives ja estan incloses a la base publicada.",assets/js/main.js; assets/js/appointment.js; docs/seo-onpage-2026-09-16/tracking.md,https://www.estudidentalcarrera.com/es/estetica-dental.html,sense_canvi_proposat,"Revisar sessions, període, consentiment, contactes i primera visita real; no es declara resolt l’avís UX."
79,SEO Ideas!A79:D79,0.94,https://www.estudidentalcarrera.com/es/estetica-dental.html,blanqueamiento dental lleida,The amount of time visitors are spending on this page is suspiciously low. Try to adjust all factors that may be causing users to leave too quickly.,UX_permanencia,mesurament_millorat_pendent_dades,"El senyal és de la pàgina, no una mètrica independent per cada keyword. El tracking de contacte publicat a f9b50c1 separa telèfon, WhatsApp, cita i formulari amb context. No hi ha dades de període/mostra per confirmar una millora de rebot o permanència. Les millores de contacte de Tremp i les comparatives ja estan incloses a la base publicada.",assets/js/main.js; assets/js/appointment.js; docs/seo-onpage-2026-09-16/tracking.md,https://www.estudidentalcarrera.com/es/estetica-dental.html,sense_canvi_proposat,"Revisar sessions, període, consentiment, contactes i primera visita real; no es declara resolt l’avís UX."
80,SEO Ideas!A80:D80,0.62,https://www.estudidentalcarrera.com/estetica-dental.html,endodòncia lleida,This page has a high bounce rate. Try to analyze and adjust all factors that may be increasing your bounce rate.,UX_rebot,mesurament_millorat_pendent_dades,"El senyal és de la pàgina, no una mètrica independent per cada keyword. El tracking de contacte publicat a f9b50c1 separa telèfon, WhatsApp, cita i formulari amb context. No hi ha dades de període/mostra per confirmar una millora de rebot o permanència.","assets/js/main.js; assets/js/appointment.js; docs/seo-onpage-2026-09-16/tracking.md | Semrush 16/09/2026, readback de l’agent principal: modal desat amb URL /periodoncia-endodoncia.html i les dues keywords exactes; taula mostra la URL i endodòncia a lleida, 1 més, en recopilació.",https://www.estudidentalcarrera.com/periodoncia-endodoncia.html,confirmada_readback_semrush,"Revisar sessions, període, consentiment, contactes i primera visita real; no es declara resolt l’avís UX."
81,SEO Ideas!A81:D81,0.62,https://www.estudidentalcarrera.com/estetica-dental.html,endodòncia lleida,The amount of time visitors are spending on this page is suspiciously low. Try to adjust all factors that may be causing users to leave too quickly.,UX_permanencia,mesurament_millorat_pendent_dades,"El senyal és de la pàgina, no una mètrica independent per cada keyword. El tracking de contacte publicat a f9b50c1 separa telèfon, WhatsApp, cita i formulari amb context. No hi ha dades de període/mostra per confirmar una millora de rebot o permanència.","assets/js/main.js; assets/js/appointment.js; docs/seo-onpage-2026-09-16/tracking.md | Semrush 16/09/2026, readback de l’agent principal: modal desat amb URL /periodoncia-endodoncia.html i les dues keywords exactes; taula mostra la URL i endodòncia a lleida, 1 més, en recopilació.",https://www.estudidentalcarrera.com/periodoncia-endodoncia.html,confirmada_readback_semrush,"Revisar sessions, període, consentiment, contactes i primera visita real; no es declara resolt l’avís UX."
82,SEO Ideas!A82:D82,0.00,https://www.estudidentalcarrera.com/es/atm-bruxismo.html,dolor mandibula lleida,Your `H1` tag does not contain your target keyword. Try to add this keyword to your `H1` tag.,H1,ja_cobert_actualment,"L’H1 ja expressava dolor de mandíbula, bruxisme i Lleida; no cal la variant sense accents ni preposicions.","data/landing-pages.js (es-atm), h1: Dolor de mandíbula y bruxismo en Lleida y Tremp",https://www.estudidentalcarrera.com/es/atm-bruxismo.html,sense_canvi_proposat,Cobertura editorial verificada; no equival a avís tancat per Semrush.
83,SEO Ideas!A83:D83,0.00,https://www.estudidentalcarrera.com/es/atm-bruxismo.html,dolor mandibula lleida,Your `title` page tag does not contain your target keyword. Try to add this keyword to your page `title` tag.,title,aplicat_ara,S’ha incorporat dolor de mandíbula al title d’ATM; es manté bruxisme i la ubicació.,"data/landing-pages.js (es-atm), title: Dolor de mandíbula y bruxismo en Lleida y Tremp | Carrera; publicat a cf647af559624ca7710fe825935fcf5e0d80b093, Vercel dpl_Wps2Qnpeh1xw3yKXnSDNZ7iSu8zN READY production; comprovació pública de metadades coincident, 16/09/2026",https://www.estudidentalcarrera.com/es/atm-bruxismo.html,sense_canvi_proposat,Nova lectura de Semrush pendent; el canvi ja està publicat i comprovat al web.
84,SEO Ideas!A84:D84,0.00,https://www.estudidentalcarrera.com/es/atm-bruxismo.html,dolor mandibula lleida,Try to acquire backlinks from the following domains: qdq.com,backlinks,pendent_extern,"Candidats externs de l’Excel, sense adquisició ni alta feta: qdq.com. Cal verificar pàgina concreta, pertinència i possibilitat d’actualitzar una fitxa existent abans de contactar.","docs/seo-onpage-2026-09-16/backlink-opportunities.md (només QDQ, Docfav i TotLleida tenen revisió puntual)",https://www.estudidentalcarrera.com/es/atm-bruxismo.html,sense_canvi_proposat,"Sense missatges, comptes, pagaments ni enllaços nous. Els altres dominis continuen sense validar."
85,SEO Ideas!A85:D85,0.00,https://www.estudidentalcarrera.com/es/atm-bruxismo.html,dolor mandibula lleida,You may increase your click-through rate if you add an aggregate rating to this page <using the Physician markup code>.,estrelles_ressenyes,no_aplica,"No s’afegeix AggregateRating de ressenyes pròpies a Dentist/Physician. Google exclou les estrelles de ressenyes autocontrolades per empreses/organitzacions, també amb widgets de tercers.",https://developers.google.com/search/docs/appearance/structured-data/review-snippet#guidelines,https://www.estudidentalcarrera.com/es/atm-bruxismo.html,sense_canvi_proposat,Cap marcatge afegit; es preserven les ressenyes visibles existents.
86,SEO Ideas!A86:D86,0.00,https://www.estudidentalcarrera.com/es/atm-bruxismo.html,bruxismo lleida,Try to acquire backlinks from the following domains: qdq.com,backlinks,pendent_extern,"Candidats externs de l’Excel, sense adquisició ni alta feta: qdq.com. Cal verificar pàgina concreta, pertinència i possibilitat d’actualitzar una fitxa existent abans de contactar.","docs/seo-onpage-2026-09-16/backlink-opportunities.md (només QDQ, Docfav i TotLleida tenen revisió puntual)",https://www.estudidentalcarrera.com/es/atm-bruxismo.html,sense_canvi_proposat,"Sense missatges, comptes, pagaments ni enllaços nous. Els altres dominis continuen sense validar."
87,SEO Ideas!A87:D87,0.00,https://www.estudidentalcarrera.com/es/atm-bruxismo.html,bruxismo lleida,You may increase your click-through rate if you add an aggregate rating to this page <using the Physician markup code>.,estrelles_ressenyes,no_aplica,"No s’afegeix AggregateRating de ressenyes pròpies a Dentist/Physician. Google exclou les estrelles de ressenyes autocontrolades per empreses/organitzacions, també amb widgets de tercers.",https://developers.google.com/search/docs/appearance/structured-data/review-snippet#guidelines,https://www.estudidentalcarrera.com/es/atm-bruxismo.html,sense_canvi_proposat,Cap marcatge afegit; es preserven les ressenyes visibles existents.
88,SEO Ideas!A88:D88,0.11,https://www.estudidentalcarrera.com/es/dentista-tremp.html,clinica dental tremp,Your `H1` tag does not contain your target keyword. Try to add this keyword to your `H1` tag.,H1,aplicat_ara,L’H1 de Tremp explicita clínica dental i manté l’abast local.,"data/landing-pages.js (es-tremp), h1: Clínica dental en Tremp para cuidar la salud oral en el Pallars; publicat a cf647af559624ca7710fe825935fcf5e0d80b093, Vercel dpl_Wps2Qnpeh1xw3yKXnSDNZ7iSu8zN READY production; comprovació pública de metadades coincident, 16/09/2026",https://www.estudidentalcarrera.com/es/dentista-tremp.html,sense_canvi_proposat,Nova lectura de Semrush pendent; el canvi ja està publicat i comprovat al web.
89,SEO Ideas!A89:D89,0.11,https://www.estudidentalcarrera.com/es/dentista-tremp.html,clinica dental tremp,Your `title` page tag does not contain your target keyword. Try to add this keyword to your page `title` tag.,title,aplicat_ara,El title de Tremp combina dentista i clínica dental sense una llista de variants.,"data/landing-pages.js (es-tremp), title: Dentista y clínica dental en Tremp | Carrera; publicat a cf647af559624ca7710fe825935fcf5e0d80b093, Vercel dpl_Wps2Qnpeh1xw3yKXnSDNZ7iSu8zN READY production; comprovació pública de metadades coincident, 16/09/2026",https://www.estudidentalcarrera.com/es/dentista-tremp.html,sense_canvi_proposat,Nova lectura de Semrush pendent; el canvi ja està publicat i comprovat al web.
90,SEO Ideas!A90:D90,0.11,https://www.estudidentalcarrera.com/es/dentista-tremp.html,clinica dental tremp,Try to acquire backlinks from the following domains: docfav.com,backlinks,pendent_extern,"Candidats externs de l’Excel, sense adquisició ni alta feta: docfav.com. Cal verificar pàgina concreta, pertinència i possibilitat d’actualitzar una fitxa existent abans de contactar.","docs/seo-onpage-2026-09-16/backlink-opportunities.md (només QDQ, Docfav i TotLleida tenen revisió puntual)",https://www.estudidentalcarrera.com/es/dentista-tremp.html,sense_canvi_proposat,"Sense missatges, comptes, pagaments ni enllaços nous. Els altres dominis continuen sense validar."
91,SEO Ideas!A91:D91,0.11,https://www.estudidentalcarrera.com/es/dentista-tremp.html,clinica dental tremp,"Compared to your rivals, your text-based content is difficult to read and understand. Try to improve your content's readability.",llegibilitat,ja_cobert_actualment,"Ja hi ha una millora estructural publicada: bloc pràctic de Tremp amb adreça, horari, telèfon, Maps i WhatsApp, i instruccions de coordinació de visites.",data/landing-pages.js; api/landing.js; assets/css/landing.css; commit f9b50c1,https://www.estudidentalcarrera.com/es/dentista-tremp.html,sense_canvi_proposat,La llegibilitat visual/contenut està revisada; la puntuació de Semrush no s’ha recalculat aquí.
92,SEO Ideas!A92:D92,1.24,https://www.estudidentalcarrera.com/es/ortodoncia.html,ortodoncia lleida,Your `title` page tag does not contain your target keyword. Try to add this keyword to your page `title` tag.,title,ja_cobert_actualment,"El title ja incloïa ortodòncia, la modalitat invisible i Lleida; no cal eliminar el matís del tractament.","data/landing-pages.js (es-ortho), title: Ortodoncia invisible en Lleida y Tremp | Carrera",https://www.estudidentalcarrera.com/es/ortodoncia.html,sense_canvi_proposat,Cobertura editorial verificada; no equival a avís tancat per Semrush.
93,SEO Ideas!A93:D93,1.24,https://www.estudidentalcarrera.com/es/ortodoncia.html,ortodoncia lleida,"Try to acquire backlinks from the following domains: abadendentistas.com, qdq.com",backlinks,pendent_extern,"Candidats externs de l’Excel, sense adquisició ni alta feta: abadendentistas.com, qdq.com. Cal verificar pàgina concreta, pertinència i possibilitat d’actualitzar una fitxa existent abans de contactar.","docs/seo-onpage-2026-09-16/backlink-opportunities.md (només QDQ, Docfav i TotLleida tenen revisió puntual)",https://www.estudidentalcarrera.com/es/ortodoncia.html,sense_canvi_proposat,"Sense missatges, comptes, pagaments ni enllaços nous. Els altres dominis continuen sense validar."
94,SEO Ideas!A94:D94,1.24,https://www.estudidentalcarrera.com/es/ortodoncia.html,ortodoncia lleida,"Compared to your rivals, your text-based content is difficult to read and understand. Try to improve your content's readability.",llegibilitat,ja_cobert_actualment,"Ja hi ha una millora estructural publicada: comparativa d’alineadors i brackets per indicació, ús, higiene i controls, amb apartats i preguntes freqüents.",data/landing-pages.js; api/landing.js; assets/css/landing.css; commit f9b50c1,https://www.estudidentalcarrera.com/es/ortodoncia.html,sense_canvi_proposat,La llegibilitat visual/contenut està revisada; la puntuació de Semrush no s’ha recalculat aquí.
95,SEO Ideas!A95:D95,1.24,https://www.estudidentalcarrera.com/es/ortodoncia.html,ortodoncia lleida,You may increase your click-through rate if you add an aggregate rating to this page <using the Physician markup code>.,estrelles_ressenyes,no_aplica,"No s’afegeix AggregateRating de ressenyes pròpies a Dentist/Physician. Google exclou les estrelles de ressenyes autocontrolades per empreses/organitzacions, també amb widgets de tercers.",https://developers.google.com/search/docs/appearance/structured-data/review-snippet#guidelines,https://www.estudidentalcarrera.com/es/ortodoncia.html,sense_canvi_proposat,Cap marcatge afegit; es preserven les ressenyes visibles existents.
96,SEO Ideas!A96:D96,1.24,https://www.estudidentalcarrera.com/es/ortodoncia.html,ortodoncia invisible lleida,Your `H1` tag does not contain your target keyword. Try to add this keyword to your `H1` tag.,H1,aplicat_ara,L’H1 d’ortodòncia explicita ortodòncia invisible. Després de la reanàlisi s’ha refinat la frase sense brackets entre tractament i ubicació; brackets continua a la comparativa i als H2.,"data/landing-pages.js (es-ortho), H1 d’aquest commit: Ortodoncia invisible en Lleida y Tremp; equivalent català: Ortodòncia invisible a Lleida i Tremp. L’H1 anterior amb brackets ja es va publicar a cf647af559624ca7710fe825935fcf5e0d80b093 i comprovar al web.",https://www.estudidentalcarrera.com/es/ortodoncia.html,sense_canvi_proposat,"El lot principal està publicat a cf647af. Últim refinament de l’H1 present en aquest commit, amb 95 proves aprovades; comprovació pública i nova lectura de Semrush pendents només per a aquest refinament."
97,SEO Ideas!A97:D97,1.24,https://www.estudidentalcarrera.com/es/ortodoncia.html,ortodoncia invisible lleida,Your page’s meta description does not contain your target keyword. Try to add this keyword to your page `meta` tag.,meta_description,aplicat_ara,La meta d’ortodòncia s’ha reescrit amb ortodòncia invisible a Lleida i Tremp i la comparació de sistemes.,"data/landing-pages.js (es-ortho), description: Ortodoncia invisible en Lleida y Tremp. Comparamos alineadores transparentes y brackets según la mordida, la salud de las encías y tus necesidades.; publicat a cf647af559624ca7710fe825935fcf5e0d80b093, Vercel dpl_Wps2Qnpeh1xw3yKXnSDNZ7iSu8zN READY production; comprovació pública de metadades coincident, 16/09/2026",https://www.estudidentalcarrera.com/es/ortodoncia.html,sense_canvi_proposat,Nova lectura de Semrush pendent; el canvi ja està publicat i comprovat al web.
98,SEO Ideas!A98:D98,1.24,https://www.estudidentalcarrera.com/es/ortodoncia.html,ortodoncia invisible lleida,Try to acquire backlinks from the following domains: qdq.com,backlinks,pendent_extern,"Candidats externs de l’Excel, sense adquisició ni alta feta: qdq.com. Cal verificar pàgina concreta, pertinència i possibilitat d’actualitzar una fitxa existent abans de contactar.","docs/seo-onpage-2026-09-16/backlink-opportunities.md (només QDQ, Docfav i TotLleida tenen revisió puntual)",https://www.estudidentalcarrera.com/es/ortodoncia.html,sense_canvi_proposat,"Sense missatges, comptes, pagaments ni enllaços nous. Els altres dominis continuen sense validar."
99,SEO Ideas!A99:D99,1.24,https://www.estudidentalcarrera.com/es/ortodoncia.html,ortodoncia invisible lleida,"Compared to your rivals, your page has a relatively low word count. Try to increase the length of your page content.",extensio,no_aplica,"No s’amplia text només per igualar el recompte dels rivals. El contingut actual ja tracta diagnòstic, comparativa alineadors/brackets, higiene, controls, retenció i FAQ.","data/landing-pages.js (es-ortho), seccions i comparativa; data/service-enrichment.js",https://www.estudidentalcarrera.com/es/ortodoncia.html,sense_canvi_proposat,No s’afirma haver igualat el recompte de Semrush; ampliar només si es detecta un dubte real sense resposta.
100,SEO Ideas!A100:D100,1.24,https://www.estudidentalcarrera.com/es/ortodoncia.html,ortodoncia invisible lleida,You may increase your click-through rate if you add an aggregate rating to this page <using the Physician markup code>.,estrelles_ressenyes,no_aplica,"No s’afegeix AggregateRating de ressenyes pròpies a Dentist/Physician. Google exclou les estrelles de ressenyes autocontrolades per empreses/organitzacions, també amb widgets de tercers.",https://developers.google.com/search/docs/appearance/structured-data/review-snippet#guidelines,https://www.estudidentalcarrera.com/es/ortodoncia.html,sense_canvi_proposat,Cap marcatge afegit; es preserven les ressenyes visibles existents.
101,SEO Ideas!A101:D101,7.55,https://www.estudidentalcarrera.com/es/clinica-dental-lleida.html,dentista qui lleida,Your `H1` tag does not contain your target keyword. Try to add this keyword to your `H1` tag.,H1,no_aplica,"Keyword de competidor o d’una ubicació aliena: dentista qui lleida. No s’adapta el web de Carrera per presentar una altra clínica, professional o ciutat.",Excel SEO Ideas!C101:D101; equip.html; data/clinics.js,,no_es_reassigna_ni_selimina_historial,No s’ha eliminat cap keyword ni historial de Semrush.
102,SEO Ideas!A102:D102,7.55,https://www.estudidentalcarrera.com/es/clinica-dental-lleida.html,dentista qui lleida,Your `title` page tag does not contain your target keyword. Try to add this keyword to your page `title` tag.,title,no_aplica,"Keyword de competidor o d’una ubicació aliena: dentista qui lleida. No s’adapta el web de Carrera per presentar una altra clínica, professional o ciutat.",Excel SEO Ideas!C102:D102; equip.html; data/clinics.js,,no_es_reassigna_ni_selimina_historial,No s’ha eliminat cap keyword ni historial de Semrush.
103,SEO Ideas!A103:D103,7.55,https://www.estudidentalcarrera.com/es/clinica-dental-lleida.html,dentista qui lleida,"Compared to your rivals, some related words are not present in your page’s content. Try to enrich your page’s content with the following semantically related words: `clínica qui odontologia es una clínica dental`, `tratamientos personalizados`",semantica,no_aplica,"Keyword de competidor o d’una ubicació aliena: dentista qui lleida. No s’adapta el web de Carrera per presentar una altra clínica, professional o ciutat.",Excel SEO Ideas!C103:D103; equip.html; data/clinics.js,,no_es_reassigna_ni_selimina_historial,No s’ha eliminat cap keyword ni historial de Semrush.
104,SEO Ideas!A104:D104,7.55,https://www.estudidentalcarrera.com/es/clinica-dental-lleida.html,dentista qui lleida,"Try to acquire backlinks from the following domains: abadendentistas.com, gowork.com, nomas900.org",backlinks,no_aplica,"Keyword de competidor o d’una ubicació aliena: dentista qui lleida. No s’adapta el web de Carrera per presentar una altra clínica, professional o ciutat.",Excel SEO Ideas!C104:D104; equip.html; data/clinics.js,,no_es_reassigna_ni_selimina_historial,No s’ha eliminat cap keyword ni historial de Semrush.
105,SEO Ideas!A105:D105,7.55,https://www.estudidentalcarrera.com/es/clinica-dental-lleida.html,dentista qui lleida,You may increase your click-through rate if you add an aggregate rating to this page <using the Dentist markup code>.,estrelles_ressenyes,no_aplica,"No s’afegeix AggregateRating de ressenyes pròpies a Dentist/Physician. Google exclou les estrelles de ressenyes autocontrolades per empreses/organitzacions, també amb widgets de tercers.",https://developers.google.com/search/docs/appearance/structured-data/review-snippet#guidelines,https://www.estudidentalcarrera.com/es/clinica-dental-lleida.html,sense_canvi_proposat,Cap marcatge afegit; es preserven les ressenyes visibles existents.
106,SEO Ideas!A106:D106,7.55,https://www.estudidentalcarrera.com/es/clinica-dental-lleida.html,estudi dental,Your `H1` tag does not contain your target keyword. Try to add this keyword to your `H1` tag.,H1,reassignacio_confirmada,Reassignació confirmada de /es/clinica-dental-lleida.html a /es/ per a «estudi dental». La portada en castellà concentra la intenció de marca en la campanya; el modal i la taula desats conserven les cinc keywords anteriors.,"es/index.html (document estàtic), title: Clínica dental en Lleida y Tremp | Estudi Dental | Semrush 16/09/2026, readback de l’agent principal: modal /es/ desat amb 11 keywords, les 6 noves de marca i les 5 preexistents preservades; taula /es/ mostra carrera clinica, 10 més, en recopilació.",https://www.estudidentalcarrera.com/es/,confirmada_readback_semrush,"Esperar la recopilació i revisar l’avís original sobre /es/. Aquesta confirmació acredita l’assignació; no implica canviar el H1 de marca, tancar l’avís ni millorar posicions."
107,SEO Ideas!A107:D107,7.55,https://www.estudidentalcarrera.com/es/clinica-dental-lleida.html,estudi dental,Your page’s meta description does not contain your target keyword. Try to add this keyword to your page `meta` tag.,meta_description,reassignacio_confirmada,Reassignació confirmada de /es/clinica-dental-lleida.html a /es/ per a «estudi dental». La portada en castellà concentra la intenció de marca en la campanya; el modal i la taula desats conserven les cinc keywords anteriors.,"es/index.html (document estàtic), title: Clínica dental en Lleida y Tremp | Estudi Dental | Semrush 16/09/2026, readback de l’agent principal: modal /es/ desat amb 11 keywords, les 6 noves de marca i les 5 preexistents preservades; taula /es/ mostra carrera clinica, 10 més, en recopilació.",https://www.estudidentalcarrera.com/es/,confirmada_readback_semrush,"Esperar la recopilació i revisar l’avís original sobre /es/. Aquesta confirmació acredita l’assignació; no implica canviar el H1 de marca, tancar l’avís ni millorar posicions."
108,SEO Ideas!A108:D108,7.55,https://www.estudidentalcarrera.com/es/clinica-dental-lleida.html,estudi dental,"Compared to your rivals, some related words are not present in your page’s content. Try to enrich your page’s content with the following semantically related words: `estudi dental barcelona`, `tratamientos dentales`, `estética dental`",semantica,no_aplica,No s’incorpora estudi dental barcelona perquè remet a una altra ubicació/marca. Tratamientos dentales i estética dental ja formen part del catàleg propi; no s’aplica el paquet de termes literalment.,"data/landing-pages.js, es-lleida; /es/servicios.html | Semrush 16/09/2026, readback de l’agent principal: modal /es/ desat amb 11 keywords, les 6 noves de marca i les 5 preexistents preservades; taula /es/ mostra carrera clinica, 10 més, en recopilació.",https://www.estudidentalcarrera.com/es/,confirmada_readback_semrush,La possible reassignació de estudi dental a la portada es tracta separadament.
109,SEO Ideas!A109:D109,7.55,https://www.estudidentalcarrera.com/es/clinica-dental-lleida.html,estudi dental,"Try to acquire backlinks from the following domains: estudidentalbarcelona.com, elespanol.com, bcnshoppingandshooting.cat, nomas900.org",backlinks,pendent_extern,"Candidats externs de l’Excel, sense adquisició ni alta feta: estudidentalbarcelona.com, elespanol.com, bcnshoppingandshooting.cat, nomas900.org. Cal verificar pàgina concreta, pertinència i possibilitat d’actualitzar una fitxa existent abans de contactar. S’exclou estudidentalbarcelona.com com a clínica/ubicació aliena; els altres dominis del paquet no es consideren aprovats.","docs/seo-onpage-2026-09-16/backlink-opportunities.md (només QDQ, Docfav i TotLleida tenen revisió puntual) | Semrush 16/09/2026, readback de l’agent principal: modal /es/ desat amb 11 keywords, les 6 noves de marca i les 5 preexistents preservades; taula /es/ mostra carrera clinica, 10 més, en recopilació.",https://www.estudidentalcarrera.com/es/,confirmada_readback_semrush,"Sense missatges, comptes, pagaments ni enllaços nous. Els altres dominis continuen sense validar."
110,SEO Ideas!A110:D110,7.55,https://www.estudidentalcarrera.com/es/clinica-dental-lleida.html,estudi dental,Keyword assigned to the current page produce higher rankings for other page. You may try to optimize these higher ranking page for the given keyword instead: position 3 page https://www.estudidentalcarrera.com/es/,assignacio_keyword,reassignacio_confirmada,Reassignació confirmada de /es/clinica-dental-lleida.html a /es/ per a «estudi dental». La portada en castellà concentra la intenció de marca en la campanya; el modal i la taula desats conserven les cinc keywords anteriors.,"es/index.html (document estàtic), title: Clínica dental en Lleida y Tremp | Estudi Dental | Semrush 16/09/2026, readback de l’agent principal: modal /es/ desat amb 11 keywords, les 6 noves de marca i les 5 preexistents preservades; taula /es/ mostra carrera clinica, 10 més, en recopilació.",https://www.estudidentalcarrera.com/es/,confirmada_readback_semrush,"Esperar la recopilació i revisar l’avís original sobre /es/. Aquesta confirmació acredita l’assignació; no implica canviar el H1 de marca, tancar l’avís ni millorar posicions."
111,SEO Ideas!A111:D111,7.55,https://www.estudidentalcarrera.com/es/clinica-dental-lleida.html,estudi dental,You may increase your click-through rate if you add an aggregate rating to this page <using the Dentist markup code>.,estrelles_ressenyes,no_aplica,"No s’afegeix AggregateRating de ressenyes pròpies a Dentist/Physician. Google exclou les estrelles de ressenyes autocontrolades per empreses/organitzacions, també amb widgets de tercers.","https://developers.google.com/search/docs/appearance/structured-data/review-snippet#guidelines | Semrush 16/09/2026, readback de l’agent principal: modal /es/ desat amb 11 keywords, les 6 noves de marca i les 5 preexistents preservades; taula /es/ mostra carrera clinica, 10 més, en recopilació.",https://www.estudidentalcarrera.com/es/,confirmada_readback_semrush,Cap marcatge afegit; es preserven les ressenyes visibles existents.
112,SEO Ideas!A112:D112,7.55,https://www.estudidentalcarrera.com/es/clinica-dental-lleida.html,clinica qui lleida,Your `H1` tag does not contain your target keyword. Try to add this keyword to your `H1` tag.,H1,no_aplica,"Keyword de competidor o d’una ubicació aliena: clinica qui lleida. No s’adapta el web de Carrera per presentar una altra clínica, professional o ciutat.",Excel SEO Ideas!C112:D112; equip.html; data/clinics.js,,no_es_reassigna_ni_selimina_historial,No s’ha eliminat cap keyword ni historial de Semrush.
113,SEO Ideas!A113:D113,7.55,https://www.estudidentalcarrera.com/es/clinica-dental-lleida.html,clinica qui lleida,Your `title` page tag does not contain your target keyword. Try to add this keyword to your page `title` tag.,title,no_aplica,"Keyword de competidor o d’una ubicació aliena: clinica qui lleida. No s’adapta el web de Carrera per presentar una altra clínica, professional o ciutat.",Excel SEO Ideas!C113:D113; equip.html; data/clinics.js,,no_es_reassigna_ni_selimina_historial,No s’ha eliminat cap keyword ni historial de Semrush.
114,SEO Ideas!A114:D114,7.55,https://www.estudidentalcarrera.com/es/clinica-dental-lleida.html,clinica qui lleida,Try to acquire backlinks from the following domains: qdq.com,backlinks,no_aplica,"Keyword de competidor o d’una ubicació aliena: clinica qui lleida. No s’adapta el web de Carrera per presentar una altra clínica, professional o ciutat.",Excel SEO Ideas!C114:D114; equip.html; data/clinics.js,,no_es_reassigna_ni_selimina_historial,No s’ha eliminat cap keyword ni historial de Semrush.
115,SEO Ideas!A115:D115,7.55,https://www.estudidentalcarrera.com/es/clinica-dental-lleida.html,clinica qui lleida,You may increase your click-through rate if you add an aggregate rating to this page <using the Dentist markup code>.,estrelles_ressenyes,no_aplica,"No s’afegeix AggregateRating de ressenyes pròpies a Dentist/Physician. Google exclou les estrelles de ressenyes autocontrolades per empreses/organitzacions, també amb widgets de tercers.",https://developers.google.com/search/docs/appearance/structured-data/review-snippet#guidelines,https://www.estudidentalcarrera.com/es/clinica-dental-lleida.html,sense_canvi_proposat,Cap marcatge afegit; es preserven les ressenyes visibles existents.
116,SEO Ideas!A116:D116,7.55,https://www.estudidentalcarrera.com/es/clinica-dental-lleida.html,clinica qui,You may increase your click-through rate if you add an aggregate rating to this page <using the Dentist markup code>.,estrelles_ressenyes,no_aplica,"No s’afegeix AggregateRating de ressenyes pròpies a Dentist/Physician. Google exclou les estrelles de ressenyes autocontrolades per empreses/organitzacions, també amb widgets de tercers.",https://developers.google.com/search/docs/appearance/structured-data/review-snippet#guidelines,https://www.estudidentalcarrera.com/es/clinica-dental-lleida.html,sense_canvi_proposat,Cap marcatge afegit; es preserven les ressenyes visibles existents.
117,SEO Ideas!A117:D117,7.55,https://www.estudidentalcarrera.com/es/clinica-dental-lleida.html,clinica dental la seu lleida,Your page’s `body` tag does not contain your target keyword. Try to add this keyword to your page’s body.,body,no_aplica,"Keyword de competidor o d’una ubicació aliena: clinica dental la seu lleida. No s’adapta el web de Carrera per presentar una altra clínica, professional o ciutat.",Excel SEO Ideas!C117:D117; equip.html; data/clinics.js,,no_es_reassigna_ni_selimina_historial,No s’ha eliminat cap keyword ni historial de Semrush.
118,SEO Ideas!A118:D118,7.55,https://www.estudidentalcarrera.com/es/clinica-dental-lleida.html,clinica dental la seu lleida,Your `H1` tag does not contain your target keyword. Try to add this keyword to your `H1` tag.,H1,no_aplica,"Keyword de competidor o d’una ubicació aliena: clinica dental la seu lleida. No s’adapta el web de Carrera per presentar una altra clínica, professional o ciutat.",Excel SEO Ideas!C118:D118; equip.html; data/clinics.js,,no_es_reassigna_ni_selimina_historial,No s’ha eliminat cap keyword ni historial de Semrush.
119,SEO Ideas!A119:D119,7.55,https://www.estudidentalcarrera.com/es/clinica-dental-lleida.html,clinica dental la seu lleida,Your `title` page tag does not contain your target keyword. Try to add this keyword to your page `title` tag.,title,no_aplica,"Keyword de competidor o d’una ubicació aliena: clinica dental la seu lleida. No s’adapta el web de Carrera per presentar una altra clínica, professional o ciutat.",Excel SEO Ideas!C119:D119; equip.html; data/clinics.js,,no_es_reassigna_ni_selimina_historial,No s’ha eliminat cap keyword ni historial de Semrush.
120,SEO Ideas!A120:D120,7.55,https://www.estudidentalcarrera.com/es/clinica-dental-lleida.html,clinica dental la seu lleida,"Compared to your rivals, some related words are not present in your page’s content. Try to enrich your page’s content with the following semantically related words: `clínica dental la seu`",semantica,no_aplica,"Keyword de competidor o d’una ubicació aliena: clinica dental la seu lleida. No s’adapta el web de Carrera per presentar una altra clínica, professional o ciutat.",Excel SEO Ideas!C120:D120; equip.html; data/clinics.js,,no_es_reassigna_ni_selimina_historial,No s’ha eliminat cap keyword ni historial de Semrush.
121,SEO Ideas!A121:D121,7.55,https://www.estudidentalcarrera.com/es/clinica-dental-lleida.html,clinica dental la seu lleida,Try to acquire backlinks from the following domains: qdq.com,backlinks,no_aplica,"Keyword de competidor o d’una ubicació aliena: clinica dental la seu lleida. No s’adapta el web de Carrera per presentar una altra clínica, professional o ciutat.",Excel SEO Ideas!C121:D121; equip.html; data/clinics.js,,no_es_reassigna_ni_selimina_historial,No s’ha eliminat cap keyword ni historial de Semrush.
122,SEO Ideas!A122:D122,7.55,https://www.estudidentalcarrera.com/es/clinica-dental-lleida.html,clinica dental la seu lleida,You may increase your click-through rate if you add an aggregate rating to this page <using the Dentist markup code>.,estrelles_ressenyes,no_aplica,"No s’afegeix AggregateRating de ressenyes pròpies a Dentist/Physician. Google exclou les estrelles de ressenyes autocontrolades per empreses/organitzacions, també amb widgets de tercers.",https://developers.google.com/search/docs/appearance/structured-data/review-snippet#guidelines,https://www.estudidentalcarrera.com/es/clinica-dental-lleida.html,sense_canvi_proposat,Cap marcatge afegit; es preserven les ressenyes visibles existents.
123,SEO Ideas!A123:D123,7.55,https://www.estudidentalcarrera.com/es/clinica-dental-lleida.html,dentista de urgencias,Your page’s `body` tag does not contain your target keyword. Try to add this keyword to your page’s body.,body,ja_cobert_actualment,"El cos de la landing de Lleida ja orienta a trucar per valorar prioritat i disponibilitat, evita esperar el formulari i remet al 112 davant urgència vital. No es promet servei permanent.","lib/lleida-page.js; data/landing-pages.js, es-lleida: bloc de contacte i FAQ Atendéis urgencias",https://www.estudidentalcarrera.com/es/clinica-dental-lleida.html,sense_canvi_proposat,No s’afegeix 24 h ni atenció immediata garantida.
124,SEO Ideas!A124:D124,7.55,https://www.estudidentalcarrera.com/es/clinica-dental-lleida.html,dentista de urgencias,Your `H1` tag does not contain your target keyword. Try to add this keyword to your `H1` tag.,H1,no_aplica,Es manté la landing general de clínica dental i la indicació de trucar segons prioritat/disponibilitat. No es força la keyword d’urgències a cada camp ni una ampliació de text que suggereixi un servei dedicat no confirmat.,"data/landing-pages.js, es-lleida; lib/lleida-page.js: FAQ i contacte d’urgència",https://www.estudidentalcarrera.com/es/clinica-dental-lleida.html,sense_canvi_proposat,"Una oferta específica d’urgències requeriria confirmar servei, horaris i circuit clínic."
125,SEO Ideas!A125:D125,7.55,https://www.estudidentalcarrera.com/es/clinica-dental-lleida.html,dentista de urgencias,Your `title` page tag does not contain your target keyword. Try to add this keyword to your page `title` tag.,title,no_aplica,Es manté la landing general de clínica dental i la indicació de trucar segons prioritat/disponibilitat. No es força la keyword d’urgències a cada camp ni una ampliació de text que suggereixi un servei dedicat no confirmat.,"data/landing-pages.js, es-lleida; lib/lleida-page.js: FAQ i contacte d’urgència",https://www.estudidentalcarrera.com/es/clinica-dental-lleida.html,sense_canvi_proposat,"Una oferta específica d’urgències requeriria confirmar servei, horaris i circuit clínic."
126,SEO Ideas!A126:D126,7.55,https://www.estudidentalcarrera.com/es/clinica-dental-lleida.html,dentista de urgencias,Your page’s meta description does not contain your target keyword. Try to add this keyword to your page `meta` tag.,meta_description,no_aplica,Es manté la landing general de clínica dental i la indicació de trucar segons prioritat/disponibilitat. No es força la keyword d’urgències a cada camp ni una ampliació de text que suggereixi un servei dedicat no confirmat.,"data/landing-pages.js, es-lleida; lib/lleida-page.js: FAQ i contacte d’urgència",https://www.estudidentalcarrera.com/es/clinica-dental-lleida.html,sense_canvi_proposat,"Una oferta específica d’urgències requeriria confirmar servei, horaris i circuit clínic."
127,SEO Ideas!A127:D127,7.55,https://www.estudidentalcarrera.com/es/clinica-dental-lleida.html,dentista de urgencias,"Compared to your rivals, some related words are not present in your page’s content. Try to enrich your page’s content with the following semantically related words: `servicio de urgencias`, `pide cita`",semantica,no_aplica,Es manté la landing general de clínica dental i la indicació de trucar segons prioritat/disponibilitat. No es força la keyword d’urgències a cada camp ni una ampliació de text que suggereixi un servei dedicat no confirmat.,"data/landing-pages.js, es-lleida; lib/lleida-page.js: FAQ i contacte d’urgència",https://www.estudidentalcarrera.com/es/clinica-dental-lleida.html,sense_canvi_proposat,"Una oferta específica d’urgències requeriria confirmar servei, horaris i circuit clínic."
128,SEO Ideas!A128:D128,7.55,https://www.estudidentalcarrera.com/es/clinica-dental-lleida.html,dentista de urgencias,"Try to acquire backlinks from the following domains: cantabriaeconomica.com, diariocomo.es, corporate.es, diariosigloxxi.com",backlinks,pendent_extern,"Candidats externs de l’Excel, sense adquisició ni alta feta: cantabriaeconomica.com, diariocomo.es, corporate.es, diariosigloxxi.com. Cal verificar pàgina concreta, pertinència i possibilitat d’actualitzar una fitxa existent abans de contactar.","docs/seo-onpage-2026-09-16/backlink-opportunities.md (només QDQ, Docfav i TotLleida tenen revisió puntual)",https://www.estudidentalcarrera.com/es/clinica-dental-lleida.html,sense_canvi_proposat,"Sense missatges, comptes, pagaments ni enllaços nous. Els altres dominis continuen sense validar."
129,SEO Ideas!A129:D129,7.55,https://www.estudidentalcarrera.com/es/clinica-dental-lleida.html,dentista de urgencias,You may increase your click-through rate if you add an aggregate rating to this page <using the Dentist markup code>.,estrelles_ressenyes,no_aplica,"No s’afegeix AggregateRating de ressenyes pròpies a Dentist/Physician. Google exclou les estrelles de ressenyes autocontrolades per empreses/organitzacions, també amb widgets de tercers.",https://developers.google.com/search/docs/appearance/structured-data/review-snippet#guidelines,https://www.estudidentalcarrera.com/es/clinica-dental-lleida.html,sense_canvi_proposat,Cap marcatge afegit; es preserven les ressenyes visibles existents.
130,SEO Ideas!A130:D130,7.55,https://www.estudidentalcarrera.com/es/clinica-dental-lleida.html,clinica dental lleida,"Try to acquire backlinks from the following domains: latipo.cat, accio.com, abadendentistas.com, docfav.com, qdq.com, bedentalexpert.com, gowork.com, mitjalleida.com, cursabomberslleida.com, poidata.io, nomas900.org",backlinks,pendent_extern,"Candidats externs de l’Excel, sense adquisició ni alta feta: latipo.cat, accio.com, abadendentistas.com, docfav.com, qdq.com, bedentalexpert.com, gowork.com, mitjalleida.com, cursabomberslleida.com, poidata.io, nomas900.org. Cal verificar pàgina concreta, pertinència i possibilitat d’actualitzar una fitxa existent abans de contactar.","docs/seo-onpage-2026-09-16/backlink-opportunities.md (només QDQ, Docfav i TotLleida tenen revisió puntual)",https://www.estudidentalcarrera.com/es/clinica-dental-lleida.html,sense_canvi_proposat,"Sense missatges, comptes, pagaments ni enllaços nous. Els altres dominis continuen sense validar."
131,SEO Ideas!A131:D131,7.55,https://www.estudidentalcarrera.com/es/clinica-dental-lleida.html,clinica dental lleida,You may increase your click-through rate if you add an aggregate rating to this page <using the Dentist markup code>.,estrelles_ressenyes,no_aplica,"No s’afegeix AggregateRating de ressenyes pròpies a Dentist/Physician. Google exclou les estrelles de ressenyes autocontrolades per empreses/organitzacions, també amb widgets de tercers.",https://developers.google.com/search/docs/appearance/structured-data/review-snippet#guidelines,https://www.estudidentalcarrera.com/es/clinica-dental-lleida.html,sense_canvi_proposat,Cap marcatge afegit; es preserven les ressenyes visibles existents.
132,SEO Ideas!A132:D132,7.55,https://www.estudidentalcarrera.com/es/clinica-dental-lleida.html,clinica dental qui,You may increase your click-through rate if you add an aggregate rating to this page <using the Dentist markup code>.,estrelles_ressenyes,no_aplica,"No s’afegeix AggregateRating de ressenyes pròpies a Dentist/Physician. Google exclou les estrelles de ressenyes autocontrolades per empreses/organitzacions, també amb widgets de tercers.",https://developers.google.com/search/docs/appearance/structured-data/review-snippet#guidelines,https://www.estudidentalcarrera.com/es/clinica-dental-lleida.html,sense_canvi_proposat,Cap marcatge afegit; es preserven les ressenyes visibles existents.
133,SEO Ideas!A133:D133,7.55,https://www.estudidentalcarrera.com/es/clinica-dental-lleida.html,periodoncia en lleida,Your page’s `body` tag does not contain your target keyword. Try to add this keyword to your page’s body.,body,reassignacio_confirmada,Reassignació confirmada de /es/clinica-dental-lleida.html a /es/periodoncia-endodoncia.html per a «periodoncia en lleida». Es corregeix la destinació de la keyword que generava aquest suggeriment; no s’afirma que Semrush hagi retirat l’avís original.,"data/landing-pages.js (es-perio), title: Periodoncia y endodoncia en Lleida y Tremp | Estudi Dental | Semrush On Page SEO Checker, 16/09/2026: readback de l’agent principal després de desar; etiqueta exacta «periodoncia en lleida» a /es/periodoncia-endodoncia.html. La destinació ha passat de 3 a 5 keywords amb periodoncia en lleida i cirugia periodontal en lleida.",https://www.estudidentalcarrera.com/es/periodoncia-endodoncia.html,confirmada_readback_semrush,"Nova anàlisi de la URL de destinació i revisió de l’avís original. La confirmació acredita l’assignació, no una millora de posicions ni el compliment literal de tots els camps."
134,SEO Ideas!A134:D134,7.55,https://www.estudidentalcarrera.com/es/clinica-dental-lleida.html,periodoncia en lleida,Your `H1` tag does not contain your target keyword. Try to add this keyword to your `H1` tag.,H1,reassignacio_confirmada,Reassignació confirmada de /es/clinica-dental-lleida.html a /es/periodoncia-endodoncia.html per a «periodoncia en lleida». Es corregeix la destinació de la keyword que generava aquest suggeriment; no s’afirma que Semrush hagi retirat l’avís original.,"data/landing-pages.js (es-perio), title: Periodoncia y endodoncia en Lleida y Tremp | Estudi Dental | Semrush On Page SEO Checker, 16/09/2026: readback de l’agent principal després de desar; etiqueta exacta «periodoncia en lleida» a /es/periodoncia-endodoncia.html. La destinació ha passat de 3 a 5 keywords amb periodoncia en lleida i cirugia periodontal en lleida.",https://www.estudidentalcarrera.com/es/periodoncia-endodoncia.html,confirmada_readback_semrush,"Nova anàlisi de la URL de destinació i revisió de l’avís original. La confirmació acredita l’assignació, no una millora de posicions ni el compliment literal de tots els camps."
135,SEO Ideas!A135:D135,7.55,https://www.estudidentalcarrera.com/es/clinica-dental-lleida.html,periodoncia en lleida,Your `title` page tag does not contain your target keyword. Try to add this keyword to your page `title` tag.,title,reassignacio_confirmada,Reassignació confirmada de /es/clinica-dental-lleida.html a /es/periodoncia-endodoncia.html per a «periodoncia en lleida». Es corregeix la destinació de la keyword que generava aquest suggeriment; no s’afirma que Semrush hagi retirat l’avís original.,"data/landing-pages.js (es-perio), title: Periodoncia y endodoncia en Lleida y Tremp | Estudi Dental | Semrush On Page SEO Checker, 16/09/2026: readback de l’agent principal després de desar; etiqueta exacta «periodoncia en lleida» a /es/periodoncia-endodoncia.html. La destinació ha passat de 3 a 5 keywords amb periodoncia en lleida i cirugia periodontal en lleida.",https://www.estudidentalcarrera.com/es/periodoncia-endodoncia.html,confirmada_readback_semrush,"Nova anàlisi de la URL de destinació i revisió de l’avís original. La confirmació acredita l’assignació, no una millora de posicions ni el compliment literal de tots els camps."
136,SEO Ideas!A136:D136,7.55,https://www.estudidentalcarrera.com/es/clinica-dental-lleida.html,periodoncia en lleida,Your page’s meta description does not contain your target keyword. Try to add this keyword to your page `meta` tag.,meta_description,reassignacio_confirmada,Reassignació confirmada de /es/clinica-dental-lleida.html a /es/periodoncia-endodoncia.html per a «periodoncia en lleida». Es corregeix la destinació de la keyword que generava aquest suggeriment; no s’afirma que Semrush hagi retirat l’avís original.,"data/landing-pages.js (es-perio), title: Periodoncia y endodoncia en Lleida y Tremp | Estudi Dental | Semrush On Page SEO Checker, 16/09/2026: readback de l’agent principal després de desar; etiqueta exacta «periodoncia en lleida» a /es/periodoncia-endodoncia.html. La destinació ha passat de 3 a 5 keywords amb periodoncia en lleida i cirugia periodontal en lleida.",https://www.estudidentalcarrera.com/es/periodoncia-endodoncia.html,confirmada_readback_semrush,"Nova anàlisi de la URL de destinació i revisió de l’avís original. La confirmació acredita l’assignació, no una millora de posicions ni el compliment literal de tots els camps."
137,SEO Ideas!A137:D137,7.55,https://www.estudidentalcarrera.com/es/clinica-dental-lleida.html,periodoncia en lleida,"Compared to your rivals, some related words are not present in your page’s content. Try to enrich your page’s content with the following semantically related words: `enfermedad periodontal`, `tratamientos de periodoncia`, `enfermedades periodontales`",semantica,reassignacio_confirmada,Reassignació confirmada de /es/clinica-dental-lleida.html a /es/periodoncia-endodoncia.html per a «periodoncia en lleida». Es corregeix la destinació de la keyword que generava aquest suggeriment; no s’afirma que Semrush hagi retirat l’avís original.,"data/landing-pages.js (es-perio), title: Periodoncia y endodoncia en Lleida y Tremp | Estudi Dental | Semrush On Page SEO Checker, 16/09/2026: readback de l’agent principal després de desar; etiqueta exacta «periodoncia en lleida» a /es/periodoncia-endodoncia.html. La destinació ha passat de 3 a 5 keywords amb periodoncia en lleida i cirugia periodontal en lleida.",https://www.estudidentalcarrera.com/es/periodoncia-endodoncia.html,confirmada_readback_semrush,"Nova anàlisi de la URL de destinació i revisió de l’avís original. La confirmació acredita l’assignació, no una millora de posicions ni el compliment literal de tots els camps."
138,SEO Ideas!A138:D138,7.55,https://www.estudidentalcarrera.com/es/clinica-dental-lleida.html,periodoncia en lleida,Try to acquire backlinks from the following domains: qdq.com,backlinks,pendent_extern,"Candidats externs de l’Excel, sense adquisició ni alta feta: qdq.com. Cal verificar pàgina concreta, pertinència i possibilitat d’actualitzar una fitxa existent abans de contactar.","docs/seo-onpage-2026-09-16/backlink-opportunities.md (només QDQ, Docfav i TotLleida tenen revisió puntual) | Semrush On Page SEO Checker, 16/09/2026: readback de l’agent principal després de desar; etiqueta exacta «periodoncia en lleida» a /es/periodoncia-endodoncia.html. La destinació ha passat de 3 a 5 keywords amb periodoncia en lleida i cirugia periodontal en lleida.",https://www.estudidentalcarrera.com/es/periodoncia-endodoncia.html,confirmada_readback_semrush,"Sense missatges, comptes, pagaments ni enllaços nous. Els altres dominis continuen sense validar."
139,SEO Ideas!A139:D139,7.55,https://www.estudidentalcarrera.com/es/clinica-dental-lleida.html,periodoncia en lleida,You may increase your click-through rate if you add an aggregate rating to this page <using the Dentist markup code>.,estrelles_ressenyes,no_aplica,"No s’afegeix AggregateRating de ressenyes pròpies a Dentist/Physician. Google exclou les estrelles de ressenyes autocontrolades per empreses/organitzacions, també amb widgets de tercers.","https://developers.google.com/search/docs/appearance/structured-data/review-snippet#guidelines | Semrush On Page SEO Checker, 16/09/2026: readback de l’agent principal després de desar; etiqueta exacta «periodoncia en lleida» a /es/periodoncia-endodoncia.html. La destinació ha passat de 3 a 5 keywords amb periodoncia en lleida i cirugia periodontal en lleida.",https://www.estudidentalcarrera.com/es/periodoncia-endodoncia.html,confirmada_readback_semrush,Cap marcatge afegit; es preserven les ressenyes visibles existents.
140,SEO Ideas!A140:D140,7.55,https://www.estudidentalcarrera.com/es/clinica-dental-lleida.html,urgencia dental,Your `H1` tag does not contain your target keyword. Try to add this keyword to your `H1` tag.,H1,no_aplica,Es manté la landing general de clínica dental i la indicació de trucar segons prioritat/disponibilitat. No es força la keyword d’urgències a cada camp ni una ampliació de text que suggereixi un servei dedicat no confirmat.,"data/landing-pages.js, es-lleida; lib/lleida-page.js: FAQ i contacte d’urgència",https://www.estudidentalcarrera.com/es/clinica-dental-lleida.html,sense_canvi_proposat,"Una oferta específica d’urgències requeriria confirmar servei, horaris i circuit clínic."
141,SEO Ideas!A141:D141,7.55,https://www.estudidentalcarrera.com/es/clinica-dental-lleida.html,urgencia dental,Your `title` page tag does not contain your target keyword. Try to add this keyword to your page `title` tag.,title,no_aplica,Es manté la landing general de clínica dental i la indicació de trucar segons prioritat/disponibilitat. No es força la keyword d’urgències a cada camp ni una ampliació de text que suggereixi un servei dedicat no confirmat.,"data/landing-pages.js, es-lleida; lib/lleida-page.js: FAQ i contacte d’urgència",https://www.estudidentalcarrera.com/es/clinica-dental-lleida.html,sense_canvi_proposat,"Una oferta específica d’urgències requeriria confirmar servei, horaris i circuit clínic."
142,SEO Ideas!A142:D142,7.55,https://www.estudidentalcarrera.com/es/clinica-dental-lleida.html,urgencia dental,Your page’s meta description does not contain your target keyword. Try to add this keyword to your page `meta` tag.,meta_description,no_aplica,Es manté la landing general de clínica dental i la indicació de trucar segons prioritat/disponibilitat. No es força la keyword d’urgències a cada camp ni una ampliació de text que suggereixi un servei dedicat no confirmat.,"data/landing-pages.js, es-lleida; lib/lleida-page.js: FAQ i contacte d’urgència",https://www.estudidentalcarrera.com/es/clinica-dental-lleida.html,sense_canvi_proposat,"Una oferta específica d’urgències requeriria confirmar servei, horaris i circuit clínic."
143,SEO Ideas!A143:D143,7.55,https://www.estudidentalcarrera.com/es/clinica-dental-lleida.html,urgencia dental,"Compared to your rivals, some related words are not present in your page’s content. Try to enrich your page’s content with the following semantically related words: `salud dental`, `tipo de urgencia`, `dolor intenso`",semantica,no_aplica,Es manté la landing general de clínica dental i la indicació de trucar segons prioritat/disponibilitat. No es força la keyword d’urgències a cada camp ni una ampliació de text que suggereixi un servei dedicat no confirmat.,"data/landing-pages.js, es-lleida; lib/lleida-page.js: FAQ i contacte d’urgència",https://www.estudidentalcarrera.com/es/clinica-dental-lleida.html,sense_canvi_proposat,"Una oferta específica d’urgències requeriria confirmar servei, horaris i circuit clínic."
144,SEO Ideas!A144:D144,7.55,https://www.estudidentalcarrera.com/es/clinica-dental-lleida.html,urgencia dental,"Compared to your rivals, your page has a relatively low word count. Try to increase the length of your page content.",extensio,no_aplica,Es manté la landing general de clínica dental i la indicació de trucar segons prioritat/disponibilitat. No es força la keyword d’urgències a cada camp ni una ampliació de text que suggereixi un servei dedicat no confirmat.,"data/landing-pages.js, es-lleida; lib/lleida-page.js: FAQ i contacte d’urgència",https://www.estudidentalcarrera.com/es/clinica-dental-lleida.html,sense_canvi_proposat,"Una oferta específica d’urgències requeriria confirmar servei, horaris i circuit clínic."
145,SEO Ideas!A145:D145,7.55,https://www.estudidentalcarrera.com/es/clinica-dental-lleida.html,urgencia dental,You may increase your click-through rate if you add an aggregate rating to this page <using the Dentist markup code>.,estrelles_ressenyes,no_aplica,"No s’afegeix AggregateRating de ressenyes pròpies a Dentist/Physician. Google exclou les estrelles de ressenyes autocontrolades per empreses/organitzacions, també amb widgets de tercers.",https://developers.google.com/search/docs/appearance/structured-data/review-snippet#guidelines,https://www.estudidentalcarrera.com/es/clinica-dental-lleida.html,sense_canvi_proposat,Cap marcatge afegit; es preserven les ressenyes visibles existents.
146,SEO Ideas!A146:D146,7.55,https://www.estudidentalcarrera.com/es/clinica-dental-lleida.html,dentista urgencias lleida,Your `H1` tag does not contain your target keyword. Try to add this keyword to your `H1` tag.,H1,no_aplica,Es manté la landing general de clínica dental i la indicació de trucar segons prioritat/disponibilitat. No es força la keyword d’urgències a cada camp ni una ampliació de text que suggereixi un servei dedicat no confirmat.,"data/landing-pages.js, es-lleida; lib/lleida-page.js: FAQ i contacte d’urgència",https://www.estudidentalcarrera.com/es/clinica-dental-lleida.html,sense_canvi_proposat,"Una oferta específica d’urgències requeriria confirmar servei, horaris i circuit clínic."
147,SEO Ideas!A147:D147,7.55,https://www.estudidentalcarrera.com/es/clinica-dental-lleida.html,dentista urgencias lleida,Your `title` page tag does not contain your target keyword. Try to add this keyword to your page `title` tag.,title,no_aplica,Es manté la landing general de clínica dental i la indicació de trucar segons prioritat/disponibilitat. No es força la keyword d’urgències a cada camp ni una ampliació de text que suggereixi un servei dedicat no confirmat.,"data/landing-pages.js, es-lleida; lib/lleida-page.js: FAQ i contacte d’urgència",https://www.estudidentalcarrera.com/es/clinica-dental-lleida.html,sense_canvi_proposat,"Una oferta específica d’urgències requeriria confirmar servei, horaris i circuit clínic."
148,SEO Ideas!A148:D148,7.55,https://www.estudidentalcarrera.com/es/clinica-dental-lleida.html,dentista urgencias lleida,"Try to acquire backlinks from the following domains: accio.com, docfav.com, bedentalexpert.com, mitjalleida.com, cursabomberslleida.com",backlinks,pendent_extern,"Candidats externs de l’Excel, sense adquisició ni alta feta: accio.com, docfav.com, bedentalexpert.com, mitjalleida.com, cursabomberslleida.com. Cal verificar pàgina concreta, pertinència i possibilitat d’actualitzar una fitxa existent abans de contactar.","docs/seo-onpage-2026-09-16/backlink-opportunities.md (només QDQ, Docfav i TotLleida tenen revisió puntual)",https://www.estudidentalcarrera.com/es/clinica-dental-lleida.html,sense_canvi_proposat,"Sense missatges, comptes, pagaments ni enllaços nous. Els altres dominis continuen sense validar."
149,SEO Ideas!A149:D149,7.55,https://www.estudidentalcarrera.com/es/clinica-dental-lleida.html,dentista urgencias lleida,You may increase your click-through rate if you add an aggregate rating to this page <using the Dentist markup code>.,estrelles_ressenyes,no_aplica,"No s’afegeix AggregateRating de ressenyes pròpies a Dentist/Physician. Google exclou les estrelles de ressenyes autocontrolades per empreses/organitzacions, també amb widgets de tercers.",https://developers.google.com/search/docs/appearance/structured-data/review-snippet#guidelines,https://www.estudidentalcarrera.com/es/clinica-dental-lleida.html,sense_canvi_proposat,Cap marcatge afegit; es preserven les ressenyes visibles existents.
150,SEO Ideas!A150:D150,7.55,https://www.estudidentalcarrera.com/es/clinica-dental-lleida.html,dentista urgencias,Your page’s `body` tag does not contain your target keyword. Try to add this keyword to your page’s body.,body,ja_cobert_actualment,"El cos de la landing de Lleida ja orienta a trucar per valorar prioritat i disponibilitat, evita esperar el formulari i remet al 112 davant urgència vital. No es promet servei permanent.","lib/lleida-page.js; data/landing-pages.js, es-lleida: bloc de contacte i FAQ Atendéis urgencias",https://www.estudidentalcarrera.com/es/clinica-dental-lleida.html,sense_canvi_proposat,No s’afegeix 24 h ni atenció immediata garantida.
151,SEO Ideas!A151:D151,7.55,https://www.estudidentalcarrera.com/es/clinica-dental-lleida.html,dentista urgencias,Your `H1` tag does not contain your target keyword. Try to add this keyword to your `H1` tag.,H1,no_aplica,Es manté la landing general de clínica dental i la indicació de trucar segons prioritat/disponibilitat. No es força la keyword d’urgències a cada camp ni una ampliació de text que suggereixi un servei dedicat no confirmat.,"data/landing-pages.js, es-lleida; lib/lleida-page.js: FAQ i contacte d’urgència",https://www.estudidentalcarrera.com/es/clinica-dental-lleida.html,sense_canvi_proposat,"Una oferta específica d’urgències requeriria confirmar servei, horaris i circuit clínic."
152,SEO Ideas!A152:D152,7.55,https://www.estudidentalcarrera.com/es/clinica-dental-lleida.html,dentista urgencias,Your `title` page tag does not contain your target keyword. Try to add this keyword to your page `title` tag.,title,no_aplica,Es manté la landing general de clínica dental i la indicació de trucar segons prioritat/disponibilitat. No es força la keyword d’urgències a cada camp ni una ampliació de text que suggereixi un servei dedicat no confirmat.,"data/landing-pages.js, es-lleida; lib/lleida-page.js: FAQ i contacte d’urgència",https://www.estudidentalcarrera.com/es/clinica-dental-lleida.html,sense_canvi_proposat,"Una oferta específica d’urgències requeriria confirmar servei, horaris i circuit clínic."
153,SEO Ideas!A153:D153,7.55,https://www.estudidentalcarrera.com/es/clinica-dental-lleida.html,dentista urgencias,Your page’s meta description does not contain your target keyword. Try to add this keyword to your page `meta` tag.,meta_description,no_aplica,Es manté la landing general de clínica dental i la indicació de trucar segons prioritat/disponibilitat. No es força la keyword d’urgències a cada camp ni una ampliació de text que suggereixi un servei dedicat no confirmat.,"data/landing-pages.js, es-lleida; lib/lleida-page.js: FAQ i contacte d’urgència",https://www.estudidentalcarrera.com/es/clinica-dental-lleida.html,sense_canvi_proposat,"Una oferta específica d’urgències requeriria confirmar servei, horaris i circuit clínic."
154,SEO Ideas!A154:D154,7.55,https://www.estudidentalcarrera.com/es/clinica-dental-lleida.html,dentista urgencias,Try to acquire backlinks from the following domains: accio.com,backlinks,pendent_extern,"Candidats externs de l’Excel, sense adquisició ni alta feta: accio.com. Cal verificar pàgina concreta, pertinència i possibilitat d’actualitzar una fitxa existent abans de contactar.","docs/seo-onpage-2026-09-16/backlink-opportunities.md (només QDQ, Docfav i TotLleida tenen revisió puntual)",https://www.estudidentalcarrera.com/es/clinica-dental-lleida.html,sense_canvi_proposat,"Sense missatges, comptes, pagaments ni enllaços nous. Els altres dominis continuen sense validar."
155,SEO Ideas!A155:D155,7.55,https://www.estudidentalcarrera.com/es/clinica-dental-lleida.html,dentista urgencias,You may increase your click-through rate if you add an aggregate rating to this page <using the Dentist markup code>.,estrelles_ressenyes,no_aplica,"No s’afegeix AggregateRating de ressenyes pròpies a Dentist/Physician. Google exclou les estrelles de ressenyes autocontrolades per empreses/organitzacions, també amb widgets de tercers.",https://developers.google.com/search/docs/appearance/structured-data/review-snippet#guidelines,https://www.estudidentalcarrera.com/es/clinica-dental-lleida.html,sense_canvi_proposat,Cap marcatge afegit; es preserven les ressenyes visibles existents.
156,SEO Ideas!A156:D156,0.94,https://www.estudidentalcarrera.com/es/periodoncia-endodoncia.html,limpieza dental lleida,Your `H1` tag does not contain your target keyword. Try to add this keyword to your `H1` tag.,H1,no_aplica,No es concentra cada keyword secundària al mateix H1/title. Es manté el tema principal de la pàgina i la consulta queda situada en un H2 específic ja existent.,"data/landing-pages.js (es-perio), H2: Limpieza dental en Lleida: qué necesitan tus encías",https://www.estudidentalcarrera.com/es/periodoncia-endodoncia.html,sense_canvi_proposat,Es conserva la jerarquia; no s’afirma coincidència exacta al H1/title.
157,SEO Ideas!A157:D157,0.94,https://www.estudidentalcarrera.com/es/periodoncia-endodoncia.html,limpieza dental lleida,Your `title` page tag does not contain your target keyword. Try to add this keyword to your page `title` tag.,title,no_aplica,No es concentra cada keyword secundària al mateix H1/title. Es manté el tema principal de la pàgina i la consulta queda situada en un H2 específic ja existent.,"data/landing-pages.js (es-perio), H2: Limpieza dental en Lleida: qué necesitan tus encías",https://www.estudidentalcarrera.com/es/periodoncia-endodoncia.html,sense_canvi_proposat,Es conserva la jerarquia; no s’afirma coincidència exacta al H1/title.
158,SEO Ideas!A158:D158,0.94,https://www.estudidentalcarrera.com/es/periodoncia-endodoncia.html,limpieza dental lleida,Your page’s meta description does not contain your target keyword. Try to add this keyword to your page `meta` tag.,meta_description,aplicat_ara,La meta de periodòncia/endodòncia incorpora explícitament limpieza dental.,"data/landing-pages.js (es-perio), description: Periodoncia, limpieza dental y endodoncia en Lleida y Tremp. Revisamos encías, dolor dental y opciones para conservar los dientes, con seguimiento individual.; publicat a cf647af559624ca7710fe825935fcf5e0d80b093, Vercel dpl_Wps2Qnpeh1xw3yKXnSDNZ7iSu8zN READY production; comprovació pública de metadades coincident, 16/09/2026",https://www.estudidentalcarrera.com/es/periodoncia-endodoncia.html,sense_canvi_proposat,Nova lectura de Semrush pendent; el canvi ja està publicat i comprovat al web.
159,SEO Ideas!A159:D159,0.94,https://www.estudidentalcarrera.com/es/periodoncia-endodoncia.html,limpieza dental lleida,Try to acquire backlinks from the following domains: qdq.com,backlinks,pendent_extern,"Candidats externs de l’Excel, sense adquisició ni alta feta: qdq.com. Cal verificar pàgina concreta, pertinència i possibilitat d’actualitzar una fitxa existent abans de contactar.","docs/seo-onpage-2026-09-16/backlink-opportunities.md (només QDQ, Docfav i TotLleida tenen revisió puntual)",https://www.estudidentalcarrera.com/es/periodoncia-endodoncia.html,sense_canvi_proposat,"Sense missatges, comptes, pagaments ni enllaços nous. Els altres dominis continuen sense validar."
160,SEO Ideas!A160:D160,0.94,https://www.estudidentalcarrera.com/es/periodoncia-endodoncia.html,limpieza dental lleida,You may increase your click-through rate if you add an aggregate rating to this page <using the Physician markup code>.,estrelles_ressenyes,no_aplica,"No s’afegeix AggregateRating de ressenyes pròpies a Dentist/Physician. Google exclou les estrelles de ressenyes autocontrolades per empreses/organitzacions, també amb widgets de tercers.",https://developers.google.com/search/docs/appearance/structured-data/review-snippet#guidelines,https://www.estudidentalcarrera.com/es/periodoncia-endodoncia.html,sense_canvi_proposat,Cap marcatge afegit; es preserven les ressenyes visibles existents.
161,SEO Ideas!A161:D161,0.94,https://www.estudidentalcarrera.com/es/periodoncia-endodoncia.html,periodoncia lleida,Your `H1` tag does not contain your target keyword. Try to add this keyword to your `H1` tag.,H1,ja_cobert_actualment,L’H1 ja identifica periodòncia i endodòncia a Lleida i Tremp.,"data/landing-pages.js (es-perio), h1: Periodoncia y endodoncia en Lleida y Tremp",https://www.estudidentalcarrera.com/es/periodoncia-endodoncia.html,sense_canvi_proposat,Cobertura editorial verificada; no equival a avís tancat per Semrush.
162,SEO Ideas!A162:D162,0.94,https://www.estudidentalcarrera.com/es/periodoncia-endodoncia.html,periodoncia lleida,Your `title` page tag does not contain your target keyword. Try to add this keyword to your page `title` tag.,title,ja_cobert_actualment,El title ja identifica periodòncia i endodòncia a Lleida i Tremp.,"data/landing-pages.js (es-perio), title: Periodoncia y endodoncia en Lleida y Tremp | Estudi Dental",https://www.estudidentalcarrera.com/es/periodoncia-endodoncia.html,sense_canvi_proposat,Cobertura editorial verificada; no equival a avís tancat per Semrush.
163,SEO Ideas!A163:D163,0.94,https://www.estudidentalcarrera.com/es/periodoncia-endodoncia.html,periodoncia lleida,Your page’s meta description does not contain your target keyword. Try to add this keyword to your page `meta` tag.,meta_description,ja_cobert_actualment,La descripció anterior ja incloïa periodòncia i Lleida. La nova redacció manté aquesta cobertura i hi afegeix neteja dental; no es compta com una absència resolta ara.,"data/landing-pages.js (es-perio), description: Periodoncia, limpieza dental y endodoncia en Lleida y Tremp. Revisamos encías, dolor dental y opciones para conservar los dientes, con seguimiento individual.",https://www.estudidentalcarrera.com/es/periodoncia-endodoncia.html,sense_canvi_proposat,Cobertura editorial verificada; no equival a avís tancat per Semrush.
164,SEO Ideas!A164:D164,0.94,https://www.estudidentalcarrera.com/es/periodoncia-endodoncia.html,periodoncia lleida,Try to acquire backlinks from the following domains: qdq.com,backlinks,pendent_extern,"Candidats externs de l’Excel, sense adquisició ni alta feta: qdq.com. Cal verificar pàgina concreta, pertinència i possibilitat d’actualitzar una fitxa existent abans de contactar.","docs/seo-onpage-2026-09-16/backlink-opportunities.md (només QDQ, Docfav i TotLleida tenen revisió puntual)",https://www.estudidentalcarrera.com/es/periodoncia-endodoncia.html,sense_canvi_proposat,"Sense missatges, comptes, pagaments ni enllaços nous. Els altres dominis continuen sense validar."
165,SEO Ideas!A165:D165,0.94,https://www.estudidentalcarrera.com/es/periodoncia-endodoncia.html,periodoncia lleida,You may increase your click-through rate if you add an aggregate rating to this page <using the Physician markup code>.,estrelles_ressenyes,no_aplica,"No s’afegeix AggregateRating de ressenyes pròpies a Dentist/Physician. Google exclou les estrelles de ressenyes autocontrolades per empreses/organitzacions, també amb widgets de tercers.",https://developers.google.com/search/docs/appearance/structured-data/review-snippet#guidelines,https://www.estudidentalcarrera.com/es/periodoncia-endodoncia.html,sense_canvi_proposat,Cap marcatge afegit; es preserven les ressenyes visibles existents.
166,SEO Ideas!A166:D166,0.94,https://www.estudidentalcarrera.com/es/periodoncia-endodoncia.html,endodoncia lleida,Try to acquire backlinks from the following domains: qdq.com,backlinks,pendent_extern,"Candidats externs de l’Excel, sense adquisició ni alta feta: qdq.com. Cal verificar pàgina concreta, pertinència i possibilitat d’actualitzar una fitxa existent abans de contactar.","docs/seo-onpage-2026-09-16/backlink-opportunities.md (només QDQ, Docfav i TotLleida tenen revisió puntual)",https://www.estudidentalcarrera.com/es/periodoncia-endodoncia.html,sense_canvi_proposat,"Sense missatges, comptes, pagaments ni enllaços nous. Els altres dominis continuen sense validar."
167,SEO Ideas!A167:D167,0.94,https://www.estudidentalcarrera.com/es/periodoncia-endodoncia.html,endodoncia lleida,You may increase your click-through rate if you add an aggregate rating to this page <using the Physician markup code>.,estrelles_ressenyes,no_aplica,"No s’afegeix AggregateRating de ressenyes pròpies a Dentist/Physician. Google exclou les estrelles de ressenyes autocontrolades per empreses/organitzacions, també amb widgets de tercers.",https://developers.google.com/search/docs/appearance/structured-data/review-snippet#guidelines,https://www.estudidentalcarrera.com/es/periodoncia-endodoncia.html,sense_canvi_proposat,Cap marcatge afegit; es preserven les ressenyes visibles existents.
168,SEO Ideas!A168:D168,7.80,https://www.estudidentalcarrera.com/es/,dentista lleida,Your page’s `body` tag does not contain your target keyword. Try to add this keyword to your page’s body.,body,reassignacio_confirmada,Reassignació confirmada de /es/ a /es/clinica-dental-lleida.html per a «dentista lleida». Es corregeix la destinació de la keyword que generava aquest suggeriment; no s’afirma que Semrush hagi retirat l’avís original.,"data/landing-pages.js (es-lleida), title: Clínica dental Lleida | Estudi Dental Carrera | Semrush On Page SEO Checker, 16/09/2026: readback de l’agent principal després de desar; etiqueta exacta «dentista lleida» a /es/clinica-dental-lleida.html. La destinació ha passat de 12 a 14 keywords amb dentista lleida i dentistas en lleida.",https://www.estudidentalcarrera.com/es/clinica-dental-lleida.html,confirmada_readback_semrush,"Nova anàlisi de la URL de destinació i revisió de l’avís original. La confirmació acredita l’assignació, no una millora de posicions ni el compliment literal de tots els camps."
169,SEO Ideas!A169:D169,7.80,https://www.estudidentalcarrera.com/es/,dentista lleida,Your `H1` tag does not contain your target keyword. Try to add this keyword to your `H1` tag.,H1,reassignacio_confirmada,Reassignació confirmada de /es/ a /es/clinica-dental-lleida.html per a «dentista lleida». Es corregeix la destinació de la keyword que generava aquest suggeriment; no s’afirma que Semrush hagi retirat l’avís original.,"data/landing-pages.js (es-lleida), title: Clínica dental Lleida | Estudi Dental Carrera | Semrush On Page SEO Checker, 16/09/2026: readback de l’agent principal després de desar; etiqueta exacta «dentista lleida» a /es/clinica-dental-lleida.html. La destinació ha passat de 12 a 14 keywords amb dentista lleida i dentistas en lleida.",https://www.estudidentalcarrera.com/es/clinica-dental-lleida.html,confirmada_readback_semrush,"Nova anàlisi de la URL de destinació i revisió de l’avís original. La confirmació acredita l’assignació, no una millora de posicions ni el compliment literal de tots els camps."
170,SEO Ideas!A170:D170,7.80,https://www.estudidentalcarrera.com/es/,dentista lleida,Your `title` page tag does not contain your target keyword. Try to add this keyword to your page `title` tag.,title,reassignacio_confirmada,Reassignació confirmada de /es/ a /es/clinica-dental-lleida.html per a «dentista lleida». Es corregeix la destinació de la keyword que generava aquest suggeriment; no s’afirma que Semrush hagi retirat l’avís original.,"data/landing-pages.js (es-lleida), title: Clínica dental Lleida | Estudi Dental Carrera | Semrush On Page SEO Checker, 16/09/2026: readback de l’agent principal després de desar; etiqueta exacta «dentista lleida» a /es/clinica-dental-lleida.html. La destinació ha passat de 12 a 14 keywords amb dentista lleida i dentistas en lleida.",https://www.estudidentalcarrera.com/es/clinica-dental-lleida.html,confirmada_readback_semrush,"Nova anàlisi de la URL de destinació i revisió de l’avís original. La confirmació acredita l’assignació, no una millora de posicions ni el compliment literal de tots els camps."
171,SEO Ideas!A171:D171,7.80,https://www.estudidentalcarrera.com/es/,dentista lleida,"Try to acquire backlinks from the following domains: latipo.cat, accio.com, docfav.com, abadendentistas.com, bedentalexpert.com, gowork.com, mitjalleida.com, cursabomberslleida.com, poidata.io, nomas900.org",backlinks,pendent_extern,"Candidats externs de l’Excel, sense adquisició ni alta feta: latipo.cat, accio.com, docfav.com, abadendentistas.com, bedentalexpert.com, gowork.com, mitjalleida.com, cursabomberslleida.com, poidata.io, nomas900.org. Cal verificar pàgina concreta, pertinència i possibilitat d’actualitzar una fitxa existent abans de contactar.","docs/seo-onpage-2026-09-16/backlink-opportunities.md (només QDQ, Docfav i TotLleida tenen revisió puntual) | Semrush On Page SEO Checker, 16/09/2026: readback de l’agent principal després de desar; etiqueta exacta «dentista lleida» a /es/clinica-dental-lleida.html. La destinació ha passat de 12 a 14 keywords amb dentista lleida i dentistas en lleida.",https://www.estudidentalcarrera.com/es/clinica-dental-lleida.html,confirmada_readback_semrush,"Sense missatges, comptes, pagaments ni enllaços nous. Els altres dominis continuen sense validar."
172,SEO Ideas!A172:D172,7.80,https://www.estudidentalcarrera.com/es/,dentista lleida,"Compared to your rivals, your page has a relatively low word count. Try to increase the length of your page content.",extensio,reassignacio_confirmada,Reassignació confirmada de /es/ a /es/clinica-dental-lleida.html per a «dentista lleida». Es corregeix la destinació de la keyword que generava aquest suggeriment; no s’afirma que Semrush hagi retirat l’avís original.,"data/landing-pages.js (es-lleida), title: Clínica dental Lleida | Estudi Dental Carrera | Semrush On Page SEO Checker, 16/09/2026: readback de l’agent principal després de desar; etiqueta exacta «dentista lleida» a /es/clinica-dental-lleida.html. La destinació ha passat de 12 a 14 keywords amb dentista lleida i dentistas en lleida.",https://www.estudidentalcarrera.com/es/clinica-dental-lleida.html,confirmada_readback_semrush,"Nova anàlisi de la URL de destinació i revisió de l’avís original. La confirmació acredita l’assignació, no una millora de posicions ni el compliment literal de tots els camps."
173,SEO Ideas!A173:D173,7.80,https://www.estudidentalcarrera.com/es/,dentista lleida,You may increase your click-through rate if you add an aggregate rating to this page <using the Dentist markup code>.,estrelles_ressenyes,no_aplica,"No s’afegeix AggregateRating de ressenyes pròpies a Dentist/Physician. Google exclou les estrelles de ressenyes autocontrolades per empreses/organitzacions, també amb widgets de tercers.","https://developers.google.com/search/docs/appearance/structured-data/review-snippet#guidelines | Semrush On Page SEO Checker, 16/09/2026: readback de l’agent principal després de desar; etiqueta exacta «dentista lleida» a /es/clinica-dental-lleida.html. La destinació ha passat de 12 a 14 keywords amb dentista lleida i dentistas en lleida.",https://www.estudidentalcarrera.com/es/clinica-dental-lleida.html,confirmada_readback_semrush,Cap marcatge afegit; es preserven les ressenyes visibles existents.
174,SEO Ideas!A174:D174,7.80,https://www.estudidentalcarrera.com/es/,dentistas en lleida,Your page’s `body` tag does not contain your target keyword. Try to add this keyword to your page’s body.,body,reassignacio_confirmada,Reassignació confirmada de /es/ a /es/clinica-dental-lleida.html per a «dentistas en lleida». Es corregeix la destinació de la keyword que generava aquest suggeriment; no s’afirma que Semrush hagi retirat l’avís original.,"data/landing-pages.js (es-lleida), title: Clínica dental Lleida | Estudi Dental Carrera | Semrush On Page SEO Checker, 16/09/2026: readback de l’agent principal després de desar; etiqueta exacta «dentistas en lleida» a /es/clinica-dental-lleida.html. La destinació ha passat de 12 a 14 keywords amb dentista lleida i dentistas en lleida.",https://www.estudidentalcarrera.com/es/clinica-dental-lleida.html,confirmada_readback_semrush,"Nova anàlisi de la URL de destinació i revisió de l’avís original. La confirmació acredita l’assignació, no una millora de posicions ni el compliment literal de tots els camps."
175,SEO Ideas!A175:D175,7.80,https://www.estudidentalcarrera.com/es/,dentistas en lleida,Your `H1` tag does not contain your target keyword. Try to add this keyword to your `H1` tag.,H1,reassignacio_confirmada,Reassignació confirmada de /es/ a /es/clinica-dental-lleida.html per a «dentistas en lleida». Es corregeix la destinació de la keyword que generava aquest suggeriment; no s’afirma que Semrush hagi retirat l’avís original.,"data/landing-pages.js (es-lleida), title: Clínica dental Lleida | Estudi Dental Carrera | Semrush On Page SEO Checker, 16/09/2026: readback de l’agent principal després de desar; etiqueta exacta «dentistas en lleida» a /es/clinica-dental-lleida.html. La destinació ha passat de 12 a 14 keywords amb dentista lleida i dentistas en lleida.",https://www.estudidentalcarrera.com/es/clinica-dental-lleida.html,confirmada_readback_semrush,"Nova anàlisi de la URL de destinació i revisió de l’avís original. La confirmació acredita l’assignació, no una millora de posicions ni el compliment literal de tots els camps."
176,SEO Ideas!A176:D176,7.80,https://www.estudidentalcarrera.com/es/,dentistas en lleida,Your `title` page tag does not contain your target keyword. Try to add this keyword to your page `title` tag.,title,reassignacio_confirmada,Reassignació confirmada de /es/ a /es/clinica-dental-lleida.html per a «dentistas en lleida». Es corregeix la destinació de la keyword que generava aquest suggeriment; no s’afirma que Semrush hagi retirat l’avís original.,"data/landing-pages.js (es-lleida), title: Clínica dental Lleida | Estudi Dental Carrera | Semrush On Page SEO Checker, 16/09/2026: readback de l’agent principal després de desar; etiqueta exacta «dentistas en lleida» a /es/clinica-dental-lleida.html. La destinació ha passat de 12 a 14 keywords amb dentista lleida i dentistas en lleida.",https://www.estudidentalcarrera.com/es/clinica-dental-lleida.html,confirmada_readback_semrush,"Nova anàlisi de la URL de destinació i revisió de l’avís original. La confirmació acredita l’assignació, no una millora de posicions ni el compliment literal de tots els camps."
177,SEO Ideas!A177:D177,7.80,https://www.estudidentalcarrera.com/es/,dentistas en lleida,"Try to acquire backlinks from the following domains: accio.com, latipo.cat, docfav.com, qdq.com, bedentalexpert.com, mitjalleida.com, cursabomberslleida.com, poidata.io",backlinks,pendent_extern,"Candidats externs de l’Excel, sense adquisició ni alta feta: accio.com, latipo.cat, docfav.com, qdq.com, bedentalexpert.com, mitjalleida.com, cursabomberslleida.com, poidata.io. Cal verificar pàgina concreta, pertinència i possibilitat d’actualitzar una fitxa existent abans de contactar.","docs/seo-onpage-2026-09-16/backlink-opportunities.md (només QDQ, Docfav i TotLleida tenen revisió puntual) | Semrush On Page SEO Checker, 16/09/2026: readback de l’agent principal després de desar; etiqueta exacta «dentistas en lleida» a /es/clinica-dental-lleida.html. La destinació ha passat de 12 a 14 keywords amb dentista lleida i dentistas en lleida.",https://www.estudidentalcarrera.com/es/clinica-dental-lleida.html,confirmada_readback_semrush,"Sense missatges, comptes, pagaments ni enllaços nous. Els altres dominis continuen sense validar."
178,SEO Ideas!A178:D178,7.80,https://www.estudidentalcarrera.com/es/,dentistas en lleida,"Compared to your rivals, your page has a relatively low word count. Try to increase the length of your page content.",extensio,reassignacio_confirmada,Reassignació confirmada de /es/ a /es/clinica-dental-lleida.html per a «dentistas en lleida». Es corregeix la destinació de la keyword que generava aquest suggeriment; no s’afirma que Semrush hagi retirat l’avís original.,"data/landing-pages.js (es-lleida), title: Clínica dental Lleida | Estudi Dental Carrera | Semrush On Page SEO Checker, 16/09/2026: readback de l’agent principal després de desar; etiqueta exacta «dentistas en lleida» a /es/clinica-dental-lleida.html. La destinació ha passat de 12 a 14 keywords amb dentista lleida i dentistas en lleida.",https://www.estudidentalcarrera.com/es/clinica-dental-lleida.html,confirmada_readback_semrush,"Nova anàlisi de la URL de destinació i revisió de l’avís original. La confirmació acredita l’assignació, no una millora de posicions ni el compliment literal de tots els camps."
179,SEO Ideas!A179:D179,7.80,https://www.estudidentalcarrera.com/es/,dentistas en lleida,You may increase your click-through rate if you add an aggregate rating to this page <using the Dentist markup code>.,estrelles_ressenyes,no_aplica,"No s’afegeix AggregateRating de ressenyes pròpies a Dentist/Physician. Google exclou les estrelles de ressenyes autocontrolades per empreses/organitzacions, també amb widgets de tercers.","https://developers.google.com/search/docs/appearance/structured-data/review-snippet#guidelines | Semrush On Page SEO Checker, 16/09/2026: readback de l’agent principal després de desar; etiqueta exacta «dentistas en lleida» a /es/clinica-dental-lleida.html. La destinació ha passat de 12 a 14 keywords amb dentista lleida i dentistas en lleida.",https://www.estudidentalcarrera.com/es/clinica-dental-lleida.html,confirmada_readback_semrush,Cap marcatge afegit; es preserven les ressenyes visibles existents.
180,SEO Ideas!A180:D180,0.00,https://www.estudidentalcarrera.com/equip.html,carme roure lleida,"Compared to your rivals, your text-based content is difficult to read and understand. Try to improve your content's readability.",llegibilitat,no_aplica,"L’Excel aplica una anàlisi de llegibilitat a equip.html, que és en català. Semrush no inclou el català entre els idiomes compatibles amb aquest indicador; no s’usa aquest valor per reescriure perfils professionals.","https://www.semrush.com/kb/567-seo-ideas-top-10-benchmarking; equip.html (lang=ca, perfils per professional)",https://www.estudidentalcarrera.com/equip.html,sense_canvi_proposat,"La nova CTA de Tremp és una millora de contacte, no prova que la puntuació de llegibilitat estigui resolta."
181,SEO Ideas!A181:D181,1.54,https://www.estudidentalcarrera.com/es/sedes.html,estudi dental tremp,Your `H1` tag does not contain your target keyword. Try to add this keyword to your `H1` tag.,H1,reassignacio_confirmada,"Reassignació confirmada de /es/sedes.html a /es/dentista-tremp.html per a «estudi dental tremp», amb lectura de la taula després de desar. La landing local correspon a la ciutat i l’idioma de la consulta; la reanàlisi de l’avís original continua pendent.","data/landing-pages.js (es-tremp), title: Dentista y clínica dental en Tremp | Carrera | Semrush 16/09/2026, readback de l’agent principal: /es/dentista-tremp.html. Taula posterior a desar: clinica dental tremp + 2 més, 3 keywords.",https://www.estudidentalcarrera.com/es/dentista-tremp.html,confirmada_readback_semrush,Revisar els avisos actualitzats a la landing correcta quan acabi la recopilació. No es declara una millora de posicions ni el compliment literal de tots els suggeriments.
182,SEO Ideas!A182:D182,1.54,https://www.estudidentalcarrera.com/es/sedes.html,estudi dental tremp,Your `title` page tag does not contain your target keyword. Try to add this keyword to your page `title` tag.,title,reassignacio_confirmada,"Reassignació confirmada de /es/sedes.html a /es/dentista-tremp.html per a «estudi dental tremp», amb lectura de la taula després de desar. La landing local correspon a la ciutat i l’idioma de la consulta; la reanàlisi de l’avís original continua pendent.","data/landing-pages.js (es-tremp), title: Dentista y clínica dental en Tremp | Carrera | Semrush 16/09/2026, readback de l’agent principal: /es/dentista-tremp.html. Taula posterior a desar: clinica dental tremp + 2 més, 3 keywords.",https://www.estudidentalcarrera.com/es/dentista-tremp.html,confirmada_readback_semrush,Revisar els avisos actualitzats a la landing correcta quan acabi la recopilació. No es declara una millora de posicions ni el compliment literal de tots els suggeriments.
183,SEO Ideas!A183:D183,1.54,https://www.estudidentalcarrera.com/es/sedes.html,estudi dental tremp,Keyword assigned to the current page produce higher rankings for other page. You may try to optimize these higher ranking page for the given keyword instead: position 5 page https://www.estudidentalcarrera.com/es/,assignacio_keyword,reassignacio_confirmada,"Reassignació confirmada de /es/sedes.html a /es/dentista-tremp.html per a «estudi dental tremp», amb lectura de la taula després de desar. La landing local correspon a la ciutat i l’idioma de la consulta; la reanàlisi de l’avís original continua pendent.","data/landing-pages.js (es-tremp), title: Dentista y clínica dental en Tremp | Carrera | Semrush 16/09/2026, readback de l’agent principal: /es/dentista-tremp.html. Taula posterior a desar: clinica dental tremp + 2 més, 3 keywords.",https://www.estudidentalcarrera.com/es/dentista-tremp.html,confirmada_readback_semrush,Revisar els avisos actualitzats a la landing correcta quan acabi la recopilació. No es declara una millora de posicions ni el compliment literal de tots els suggeriments.
184,SEO Ideas!A184:D184,1.54,https://www.estudidentalcarrera.com/es/sedes.html,estudi dental tremp,You may increase your click-through rate if you add an aggregate rating to this page <using the Dentist markup code>.,estrelles_ressenyes,no_aplica,"No s’afegeix AggregateRating de ressenyes pròpies a Dentist/Physician. Google exclou les estrelles de ressenyes autocontrolades per empreses/organitzacions, també amb widgets de tercers.","https://developers.google.com/search/docs/appearance/structured-data/review-snippet#guidelines | Semrush 16/09/2026, readback de l’agent principal: /es/dentista-tremp.html. Taula posterior a desar: clinica dental tremp + 2 més, 3 keywords.",https://www.estudidentalcarrera.com/es/dentista-tremp.html,confirmada_readback_semrush,Cap marcatge afegit; es preserven les ressenyes visibles existents.
185,SEO Ideas!A185:D185,1.54,https://www.estudidentalcarrera.com/es/sedes.html,clinica dental carrera,Your page’s `body` tag does not contain your target keyword. Try to add this keyword to your page’s body.,body,reassignacio_confirmada,Reassignació confirmada de /es/sedes.html a /es/ per a «clinica dental carrera». La portada en castellà concentra la intenció de marca en la campanya; el modal i la taula desats conserven les cinc keywords anteriors.,"es/index.html (document estàtic), title: Clínica dental en Lleida y Tremp | Estudi Dental | Semrush 16/09/2026, readback de l’agent principal: modal /es/ desat amb 11 keywords, les 6 noves de marca i les 5 preexistents preservades; taula /es/ mostra carrera clinica, 10 més, en recopilació.",https://www.estudidentalcarrera.com/es/,confirmada_readback_semrush,"Esperar la recopilació i revisar l’avís original sobre /es/. Aquesta confirmació acredita l’assignació; no implica canviar el H1 de marca, tancar l’avís ni millorar posicions."
186,SEO Ideas!A186:D186,1.54,https://www.estudidentalcarrera.com/es/sedes.html,clinica dental carrera,Your `H1` tag does not contain your target keyword. Try to add this keyword to your `H1` tag.,H1,reassignacio_confirmada,Reassignació confirmada de /es/sedes.html a /es/ per a «clinica dental carrera». La portada en castellà concentra la intenció de marca en la campanya; el modal i la taula desats conserven les cinc keywords anteriors.,"es/index.html (document estàtic), title: Clínica dental en Lleida y Tremp | Estudi Dental | Semrush 16/09/2026, readback de l’agent principal: modal /es/ desat amb 11 keywords, les 6 noves de marca i les 5 preexistents preservades; taula /es/ mostra carrera clinica, 10 més, en recopilació.",https://www.estudidentalcarrera.com/es/,confirmada_readback_semrush,"Esperar la recopilació i revisar l’avís original sobre /es/. Aquesta confirmació acredita l’assignació; no implica canviar el H1 de marca, tancar l’avís ni millorar posicions."
187,SEO Ideas!A187:D187,1.54,https://www.estudidentalcarrera.com/es/sedes.html,clinica dental carrera,Your `title` page tag does not contain your target keyword. Try to add this keyword to your page `title` tag.,title,reassignacio_confirmada,Reassignació confirmada de /es/sedes.html a /es/ per a «clinica dental carrera». La portada en castellà concentra la intenció de marca en la campanya; el modal i la taula desats conserven les cinc keywords anteriors.,"es/index.html (document estàtic), title: Clínica dental en Lleida y Tremp | Estudi Dental | Semrush 16/09/2026, readback de l’agent principal: modal /es/ desat amb 11 keywords, les 6 noves de marca i les 5 preexistents preservades; taula /es/ mostra carrera clinica, 10 més, en recopilació.",https://www.estudidentalcarrera.com/es/,confirmada_readback_semrush,"Esperar la recopilació i revisar l’avís original sobre /es/. Aquesta confirmació acredita l’assignació; no implica canviar el H1 de marca, tancar l’avís ni millorar posicions."
188,SEO Ideas!A188:D188,1.54,https://www.estudidentalcarrera.com/es/sedes.html,clinica dental carrera,Your page’s meta description does not contain your target keyword. Try to add this keyword to your page `meta` tag.,meta_description,reassignacio_confirmada,Reassignació confirmada de /es/sedes.html a /es/ per a «clinica dental carrera». La portada en castellà concentra la intenció de marca en la campanya; el modal i la taula desats conserven les cinc keywords anteriors.,"es/index.html (document estàtic), title: Clínica dental en Lleida y Tremp | Estudi Dental | Semrush 16/09/2026, readback de l’agent principal: modal /es/ desat amb 11 keywords, les 6 noves de marca i les 5 preexistents preservades; taula /es/ mostra carrera clinica, 10 més, en recopilació.",https://www.estudidentalcarrera.com/es/,confirmada_readback_semrush,"Esperar la recopilació i revisar l’avís original sobre /es/. Aquesta confirmació acredita l’assignació; no implica canviar el H1 de marca, tancar l’avís ni millorar posicions."
189,SEO Ideas!A189:D189,1.54,https://www.estudidentalcarrera.com/es/sedes.html,clinica dental carrera,"Compared to your rivals, some related words are not present in your page’s content. Try to enrich your page’s content with the following semantically related words: `años de experiencia`, `dr carrera`",semantica,reassignacio_confirmada,Reassignació confirmada de /es/sedes.html a /es/ per a «clinica dental carrera». La portada en castellà concentra la intenció de marca en la campanya; el modal i la taula desats conserven les cinc keywords anteriors.,"es/index.html (document estàtic), title: Clínica dental en Lleida y Tremp | Estudi Dental | Semrush 16/09/2026, readback de l’agent principal: modal /es/ desat amb 11 keywords, les 6 noves de marca i les 5 preexistents preservades; taula /es/ mostra carrera clinica, 10 més, en recopilació.",https://www.estudidentalcarrera.com/es/,confirmada_readback_semrush,"Esperar la recopilació i revisar l’avís original sobre /es/. Aquesta confirmació acredita l’assignació; no implica canviar el H1 de marca, tancar l’avís ni millorar posicions."
190,SEO Ideas!A190:D190,1.54,https://www.estudidentalcarrera.com/es/sedes.html,clinica dental carrera,"Try to acquire backlinks from the following domains: gowork.com, linkcentre.com, donde-estamos.es",backlinks,pendent_extern,"Candidats externs de l’Excel, sense adquisició ni alta feta: gowork.com, linkcentre.com, donde-estamos.es. Cal verificar pàgina concreta, pertinència i possibilitat d’actualitzar una fitxa existent abans de contactar.","docs/seo-onpage-2026-09-16/backlink-opportunities.md (només QDQ, Docfav i TotLleida tenen revisió puntual) | Semrush 16/09/2026, readback de l’agent principal: modal /es/ desat amb 11 keywords, les 6 noves de marca i les 5 preexistents preservades; taula /es/ mostra carrera clinica, 10 més, en recopilació.",https://www.estudidentalcarrera.com/es/,confirmada_readback_semrush,"Sense missatges, comptes, pagaments ni enllaços nous. Els altres dominis continuen sense validar."
191,SEO Ideas!A191:D191,1.54,https://www.estudidentalcarrera.com/es/sedes.html,clinica dental carrera,"Compared to your rivals, your page has a relatively low word count. Try to increase the length of your page content.",extensio,reassignacio_confirmada,Reassignació confirmada de /es/sedes.html a /es/ per a «clinica dental carrera». La portada en castellà concentra la intenció de marca en la campanya; el modal i la taula desats conserven les cinc keywords anteriors.,"es/index.html (document estàtic), title: Clínica dental en Lleida y Tremp | Estudi Dental | Semrush 16/09/2026, readback de l’agent principal: modal /es/ desat amb 11 keywords, les 6 noves de marca i les 5 preexistents preservades; taula /es/ mostra carrera clinica, 10 més, en recopilació.",https://www.estudidentalcarrera.com/es/,confirmada_readback_semrush,"Esperar la recopilació i revisar l’avís original sobre /es/. Aquesta confirmació acredita l’assignació; no implica canviar el H1 de marca, tancar l’avís ni millorar posicions."
192,SEO Ideas!A192:D192,1.54,https://www.estudidentalcarrera.com/es/sedes.html,clinica dental carrera,Keyword assigned to the current page produce higher rankings for other page. You may try to optimize these higher ranking page for the given keyword instead: position 1 page https://www.estudidentalcarrera.com/es/,assignacio_keyword,reassignacio_confirmada,Reassignació confirmada de /es/sedes.html a /es/ per a «clinica dental carrera». La portada en castellà concentra la intenció de marca en la campanya; el modal i la taula desats conserven les cinc keywords anteriors.,"es/index.html (document estàtic), title: Clínica dental en Lleida y Tremp | Estudi Dental | Semrush 16/09/2026, readback de l’agent principal: modal /es/ desat amb 11 keywords, les 6 noves de marca i les 5 preexistents preservades; taula /es/ mostra carrera clinica, 10 més, en recopilació.",https://www.estudidentalcarrera.com/es/,confirmada_readback_semrush,"Esperar la recopilació i revisar l’avís original sobre /es/. Aquesta confirmació acredita l’assignació; no implica canviar el H1 de marca, tancar l’avís ni millorar posicions."
193,SEO Ideas!A193:D193,1.54,https://www.estudidentalcarrera.com/es/sedes.html,clinica dental carrera,You may increase your click-through rate if you add an aggregate rating to this page <using the Dentist markup code>.,estrelles_ressenyes,no_aplica,"No s’afegeix AggregateRating de ressenyes pròpies a Dentist/Physician. Google exclou les estrelles de ressenyes autocontrolades per empreses/organitzacions, també amb widgets de tercers.","https://developers.google.com/search/docs/appearance/structured-data/review-snippet#guidelines | Semrush 16/09/2026, readback de l’agent principal: modal /es/ desat amb 11 keywords, les 6 noves de marca i les 5 preexistents preservades; taula /es/ mostra carrera clinica, 10 més, en recopilació.",https://www.estudidentalcarrera.com/es/,confirmada_readback_semrush,Cap marcatge afegit; es preserven les ressenyes visibles existents.
194,SEO Ideas!A194:D194,1.54,https://www.estudidentalcarrera.com/es/sedes.html,dentista tremp,Your page’s `body` tag does not contain your target keyword. Try to add this keyword to your page’s body.,body,reassignacio_confirmada,"Reassignació confirmada de /es/sedes.html a /es/dentista-tremp.html per a «dentista tremp», amb lectura de la taula després de desar. La landing local correspon a la ciutat i l’idioma de la consulta; la reanàlisi de l’avís original continua pendent.","data/landing-pages.js (es-tremp), title: Dentista y clínica dental en Tremp | Carrera | Semrush 16/09/2026, readback de l’agent principal: /es/dentista-tremp.html. Taula posterior a desar: clinica dental tremp + 2 més, 3 keywords.",https://www.estudidentalcarrera.com/es/dentista-tremp.html,confirmada_readback_semrush,Revisar els avisos actualitzats a la landing correcta quan acabi la recopilació. No es declara una millora de posicions ni el compliment literal de tots els suggeriments.
195,SEO Ideas!A195:D195,1.54,https://www.estudidentalcarrera.com/es/sedes.html,dentista tremp,Your `H1` tag does not contain your target keyword. Try to add this keyword to your `H1` tag.,H1,reassignacio_confirmada,"Reassignació confirmada de /es/sedes.html a /es/dentista-tremp.html per a «dentista tremp», amb lectura de la taula després de desar. La landing local correspon a la ciutat i l’idioma de la consulta; la reanàlisi de l’avís original continua pendent.","data/landing-pages.js (es-tremp), title: Dentista y clínica dental en Tremp | Carrera | Semrush 16/09/2026, readback de l’agent principal: /es/dentista-tremp.html. Taula posterior a desar: clinica dental tremp + 2 més, 3 keywords.",https://www.estudidentalcarrera.com/es/dentista-tremp.html,confirmada_readback_semrush,Revisar els avisos actualitzats a la landing correcta quan acabi la recopilació. No es declara una millora de posicions ni el compliment literal de tots els suggeriments.
196,SEO Ideas!A196:D196,1.54,https://www.estudidentalcarrera.com/es/sedes.html,dentista tremp,Your `title` page tag does not contain your target keyword. Try to add this keyword to your page `title` tag.,title,reassignacio_confirmada,"Reassignació confirmada de /es/sedes.html a /es/dentista-tremp.html per a «dentista tremp», amb lectura de la taula després de desar. La landing local correspon a la ciutat i l’idioma de la consulta; la reanàlisi de l’avís original continua pendent.","data/landing-pages.js (es-tremp), title: Dentista y clínica dental en Tremp | Carrera | Semrush 16/09/2026, readback de l’agent principal: /es/dentista-tremp.html. Taula posterior a desar: clinica dental tremp + 2 més, 3 keywords.",https://www.estudidentalcarrera.com/es/dentista-tremp.html,confirmada_readback_semrush,Revisar els avisos actualitzats a la landing correcta quan acabi la recopilació. No es declara una millora de posicions ni el compliment literal de tots els suggeriments.
197,SEO Ideas!A197:D197,1.54,https://www.estudidentalcarrera.com/es/sedes.html,dentista tremp,Your page’s meta description does not contain your target keyword. Try to add this keyword to your page `meta` tag.,meta_description,reassignacio_confirmada,"Reassignació confirmada de /es/sedes.html a /es/dentista-tremp.html per a «dentista tremp», amb lectura de la taula després de desar. La landing local correspon a la ciutat i l’idioma de la consulta; la reanàlisi de l’avís original continua pendent.","data/landing-pages.js (es-tremp), title: Dentista y clínica dental en Tremp | Carrera | Semrush 16/09/2026, readback de l’agent principal: /es/dentista-tremp.html. Taula posterior a desar: clinica dental tremp + 2 més, 3 keywords.",https://www.estudidentalcarrera.com/es/dentista-tremp.html,confirmada_readback_semrush,Revisar els avisos actualitzats a la landing correcta quan acabi la recopilació. No es declara una millora de posicions ni el compliment literal de tots els suggeriments.
198,SEO Ideas!A198:D198,1.54,https://www.estudidentalcarrera.com/es/sedes.html,dentista tremp,Try to acquire backlinks from the following domains: docfav.com,backlinks,pendent_extern,"Candidats externs de l’Excel, sense adquisició ni alta feta: docfav.com. Cal verificar pàgina concreta, pertinència i possibilitat d’actualitzar una fitxa existent abans de contactar.","docs/seo-onpage-2026-09-16/backlink-opportunities.md (només QDQ, Docfav i TotLleida tenen revisió puntual) | Semrush 16/09/2026, readback de l’agent principal: /es/dentista-tremp.html. Taula posterior a desar: clinica dental tremp + 2 més, 3 keywords.",https://www.estudidentalcarrera.com/es/dentista-tremp.html,confirmada_readback_semrush,"Sense missatges, comptes, pagaments ni enllaços nous. Els altres dominis continuen sense validar."
199,SEO Ideas!A199:D199,1.54,https://www.estudidentalcarrera.com/es/sedes.html,dentista tremp,"Compared to your rivals, your text-based content is difficult to read and understand. Try to improve your content's readability.",llegibilitat,reassignacio_confirmada,"Reassignació confirmada de /es/sedes.html a /es/dentista-tremp.html per a «dentista tremp», amb lectura de la taula després de desar. La landing local correspon a la ciutat i l’idioma de la consulta; la reanàlisi de l’avís original continua pendent.","data/landing-pages.js (es-tremp), title: Dentista y clínica dental en Tremp | Carrera | Semrush 16/09/2026, readback de l’agent principal: /es/dentista-tremp.html. Taula posterior a desar: clinica dental tremp + 2 més, 3 keywords.",https://www.estudidentalcarrera.com/es/dentista-tremp.html,confirmada_readback_semrush,Revisar els avisos actualitzats a la landing correcta quan acabi la recopilació. No es declara una millora de posicions ni el compliment literal de tots els suggeriments.
200,SEO Ideas!A200:D200,1.54,https://www.estudidentalcarrera.com/es/sedes.html,dentista tremp,You may increase your click-through rate if you add an aggregate rating to this page <using the Dentist markup code>.,estrelles_ressenyes,no_aplica,"No s’afegeix AggregateRating de ressenyes pròpies a Dentist/Physician. Google exclou les estrelles de ressenyes autocontrolades per empreses/organitzacions, també amb widgets de tercers.","https://developers.google.com/search/docs/appearance/structured-data/review-snippet#guidelines | Semrush 16/09/2026, readback de l’agent principal: /es/dentista-tremp.html. Taula posterior a desar: clinica dental tremp + 2 més, 3 keywords.",https://www.estudidentalcarrera.com/es/dentista-tremp.html,confirmada_readback_semrush,Cap marcatge afegit; es preserven les ressenyes visibles existents.
201,SEO Ideas!A201:D201,0.33,https://www.estudidentalcarrera.com/seus.html,dental carrera,Your `H1` tag does not contain your target keyword. Try to add this keyword to your `H1` tag.,H1,reassignacio_confirmada,Reassignació confirmada de /seus.html a /es/ per a «dental carrera». La portada en castellà concentra la intenció de marca en la campanya; el modal i la taula desats conserven les cinc keywords anteriors.,"es/index.html (document estàtic), title: Clínica dental en Lleida y Tremp | Estudi Dental | Semrush 16/09/2026, readback de l’agent principal: modal /es/ desat amb 11 keywords, les 6 noves de marca i les 5 preexistents preservades; taula /es/ mostra carrera clinica, 10 més, en recopilació.",https://www.estudidentalcarrera.com/es/,confirmada_readback_semrush,"Esperar la recopilació i revisar l’avís original sobre /es/. Aquesta confirmació acredita l’assignació; no implica canviar el H1 de marca, tancar l’avís ni millorar posicions."
202,SEO Ideas!A202:D202,0.33,https://www.estudidentalcarrera.com/seus.html,dental carrera,Your `title` page tag does not contain your target keyword. Try to add this keyword to your page `title` tag.,title,reassignacio_confirmada,Reassignació confirmada de /seus.html a /es/ per a «dental carrera». La portada en castellà concentra la intenció de marca en la campanya; el modal i la taula desats conserven les cinc keywords anteriors.,"es/index.html (document estàtic), title: Clínica dental en Lleida y Tremp | Estudi Dental | Semrush 16/09/2026, readback de l’agent principal: modal /es/ desat amb 11 keywords, les 6 noves de marca i les 5 preexistents preservades; taula /es/ mostra carrera clinica, 10 més, en recopilació.",https://www.estudidentalcarrera.com/es/,confirmada_readback_semrush,"Esperar la recopilació i revisar l’avís original sobre /es/. Aquesta confirmació acredita l’assignació; no implica canviar el H1 de marca, tancar l’avís ni millorar posicions."
203,SEO Ideas!A203:D203,0.33,https://www.estudidentalcarrera.com/seus.html,dental carrera,"Try to acquire backlinks from the following domains: gowork.com, linkcentre.com, donde-estamos.es",backlinks,pendent_extern,"Candidats externs de l’Excel, sense adquisició ni alta feta: gowork.com, linkcentre.com, donde-estamos.es. Cal verificar pàgina concreta, pertinència i possibilitat d’actualitzar una fitxa existent abans de contactar.","docs/seo-onpage-2026-09-16/backlink-opportunities.md (només QDQ, Docfav i TotLleida tenen revisió puntual) | Semrush 16/09/2026, readback de l’agent principal: modal /es/ desat amb 11 keywords, les 6 noves de marca i les 5 preexistents preservades; taula /es/ mostra carrera clinica, 10 més, en recopilació.",https://www.estudidentalcarrera.com/es/,confirmada_readback_semrush,"Sense missatges, comptes, pagaments ni enllaços nous. Els altres dominis continuen sense validar."
204,SEO Ideas!A204:D204,0.33,https://www.estudidentalcarrera.com/seus.html,dental carrera,Keyword assigned to the current page produce higher rankings for other page. You may try to optimize these higher ranking page for the given keyword instead: position 1 page https://www.estudidentalcarrera.com/es/,assignacio_keyword,reassignacio_confirmada,Reassignació confirmada de /seus.html a /es/ per a «dental carrera». La portada en castellà concentra la intenció de marca en la campanya; el modal i la taula desats conserven les cinc keywords anteriors.,"es/index.html (document estàtic), title: Clínica dental en Lleida y Tremp | Estudi Dental | Semrush 16/09/2026, readback de l’agent principal: modal /es/ desat amb 11 keywords, les 6 noves de marca i les 5 preexistents preservades; taula /es/ mostra carrera clinica, 10 més, en recopilació.",https://www.estudidentalcarrera.com/es/,confirmada_readback_semrush,"Esperar la recopilació i revisar l’avís original sobre /es/. Aquesta confirmació acredita l’assignació; no implica canviar el H1 de marca, tancar l’avís ni millorar posicions."
205,SEO Ideas!A205:D205,0.33,https://www.estudidentalcarrera.com/seus.html,dental carrera,You may increase your click-through rate if you add an aggregate rating to this page <using the Dentist markup code>.,estrelles_ressenyes,no_aplica,"No s’afegeix AggregateRating de ressenyes pròpies a Dentist/Physician. Google exclou les estrelles de ressenyes autocontrolades per empreses/organitzacions, també amb widgets de tercers.","https://developers.google.com/search/docs/appearance/structured-data/review-snippet#guidelines | Semrush 16/09/2026, readback de l’agent principal: modal /es/ desat amb 11 keywords, les 6 noves de marca i les 5 preexistents preservades; taula /es/ mostra carrera clinica, 10 més, en recopilació.",https://www.estudidentalcarrera.com/es/,confirmada_readback_semrush,Cap marcatge afegit; es preserven les ressenyes visibles existents.
206,SEO Ideas!A206:D206,0.54,https://www.estudidentalcarrera.com/es/implantes-dentales.html,implantes dentales lleida,"Try to acquire backlinks from the following domains: qdq.com, totlleida.cat",backlinks,pendent_extern,"Candidats externs de l’Excel, sense adquisició ni alta feta: qdq.com, totlleida.cat. Cal verificar pàgina concreta, pertinència i possibilitat d’actualitzar una fitxa existent abans de contactar.","docs/seo-onpage-2026-09-16/backlink-opportunities.md (només QDQ, Docfav i TotLleida tenen revisió puntual)",https://www.estudidentalcarrera.com/es/implantes-dentales.html,sense_canvi_proposat,"Sense missatges, comptes, pagaments ni enllaços nous. Els altres dominis continuen sense validar."
207,SEO Ideas!A207:D207,0.54,https://www.estudidentalcarrera.com/es/implantes-dentales.html,implantes dentales lleida,You may increase your click-through rate if you add an aggregate rating to this page <using the Physician markup code>.,estrelles_ressenyes,no_aplica,"No s’afegeix AggregateRating de ressenyes pròpies a Dentist/Physician. Google exclou les estrelles de ressenyes autocontrolades per empreses/organitzacions, també amb widgets de tercers.",https://developers.google.com/search/docs/appearance/structured-data/review-snippet#guidelines,https://www.estudidentalcarrera.com/es/implantes-dentales.html,sense_canvi_proposat,Cap marcatge afegit; es preserven les ressenyes visibles existents.
208,SEO Ideas!A208:D208,1.13,https://www.estudidentalcarrera.com/,clinica carrera madrid,Your `H1` tag does not contain your target keyword. Try to add this keyword to your `H1` tag.,H1,no_aplica,"Keyword de competidor o d’una ubicació aliena: clinica carrera madrid. No s’adapta el web de Carrera per presentar una altra clínica, professional o ciutat.",Excel SEO Ideas!C208:D208; equip.html; data/clinics.js,,no_es_reassigna_ni_selimina_historial,No s’ha eliminat cap keyword ni historial de Semrush.
209,SEO Ideas!A209:D209,1.13,https://www.estudidentalcarrera.com/,clinica carrera madrid,Your `title` page tag does not contain your target keyword. Try to add this keyword to your page `title` tag.,title,no_aplica,"Keyword de competidor o d’una ubicació aliena: clinica carrera madrid. No s’adapta el web de Carrera per presentar una altra clínica, professional o ciutat.",Excel SEO Ideas!C209:D209; equip.html; data/clinics.js,,no_es_reassigna_ni_selimina_historial,No s’ha eliminat cap keyword ni historial de Semrush.
210,SEO Ideas!A210:D210,1.13,https://www.estudidentalcarrera.com/,clinica carrera madrid,"Try to acquire backlinks from the following domains: gowork.com, clinicaodontologicacarrera.com, linkcentre.com",backlinks,no_aplica,"Keyword de competidor o d’una ubicació aliena: clinica carrera madrid. No s’adapta el web de Carrera per presentar una altra clínica, professional o ciutat.",Excel SEO Ideas!C210:D210; equip.html; data/clinics.js,,no_es_reassigna_ni_selimina_historial,No s’ha eliminat cap keyword ni historial de Semrush.
211,SEO Ideas!A211:D211,1.13,https://www.estudidentalcarrera.com/,clinica carrera madrid,You may increase your click-through rate if you add an aggregate rating to this page <using the Physician markup code>.,estrelles_ressenyes,no_aplica,"No s’afegeix AggregateRating de ressenyes pròpies a Dentist/Physician. Google exclou les estrelles de ressenyes autocontrolades per empreses/organitzacions, també amb widgets de tercers.",https://developers.google.com/search/docs/appearance/structured-data/review-snippet#guidelines,https://www.estudidentalcarrera.com/,sense_canvi_proposat,Cap marcatge afegit; es preserven les ressenyes visibles existents.
212,SEO Ideas!A212:D212,1.13,https://www.estudidentalcarrera.com/,carrera clinica,Your `H1` tag does not contain your target keyword. Try to add this keyword to your `H1` tag.,H1,reassignacio_confirmada,Reassignació confirmada de / a /es/ per a «carrera clinica». La portada en castellà concentra la intenció de marca en la campanya; el modal i la taula desats conserven les cinc keywords anteriors.,"es/index.html (document estàtic), title: Clínica dental en Lleida y Tremp | Estudi Dental | Semrush 16/09/2026, readback de l’agent principal: modal /es/ desat amb 11 keywords, les 6 noves de marca i les 5 preexistents preservades; taula /es/ mostra carrera clinica, 10 més, en recopilació.",https://www.estudidentalcarrera.com/es/,confirmada_readback_semrush,"Esperar la recopilació i revisar l’avís original sobre /es/. Aquesta confirmació acredita l’assignació; no implica canviar el H1 de marca, tancar l’avís ni millorar posicions."
213,SEO Ideas!A213:D213,1.13,https://www.estudidentalcarrera.com/,carrera clinica,Your `title` page tag does not contain your target keyword. Try to add this keyword to your page `title` tag.,title,reassignacio_confirmada,Reassignació confirmada de / a /es/ per a «carrera clinica». La portada en castellà concentra la intenció de marca en la campanya; el modal i la taula desats conserven les cinc keywords anteriors.,"es/index.html (document estàtic), title: Clínica dental en Lleida y Tremp | Estudi Dental | Semrush 16/09/2026, readback de l’agent principal: modal /es/ desat amb 11 keywords, les 6 noves de marca i les 5 preexistents preservades; taula /es/ mostra carrera clinica, 10 més, en recopilació.",https://www.estudidentalcarrera.com/es/,confirmada_readback_semrush,"Esperar la recopilació i revisar l’avís original sobre /es/. Aquesta confirmació acredita l’assignació; no implica canviar el H1 de marca, tancar l’avís ni millorar posicions."
214,SEO Ideas!A214:D214,1.13,https://www.estudidentalcarrera.com/,carrera clinica,"Try to acquire backlinks from the following domains: clinicaloscarrera.cl, barnaclinic.com, gowork.com, doctoralia.cl, paxinasgalegas.es, linkcentre.com",backlinks,pendent_extern,"Candidats externs de l’Excel, sense adquisició ni alta feta: clinicaloscarrera.cl, barnaclinic.com, gowork.com, doctoralia.cl, paxinasgalegas.es, linkcentre.com. Cal verificar pàgina concreta, pertinència i possibilitat d’actualitzar una fitxa existent abans de contactar. El paquet inclou entitats homònimes/altres mercats; no es considera una llista de captació aprovada.","docs/seo-onpage-2026-09-16/backlink-opportunities.md (només QDQ, Docfav i TotLleida tenen revisió puntual) | Semrush 16/09/2026, readback de l’agent principal: modal /es/ desat amb 11 keywords, les 6 noves de marca i les 5 preexistents preservades; taula /es/ mostra carrera clinica, 10 més, en recopilació.",https://www.estudidentalcarrera.com/es/,confirmada_readback_semrush,"Sense missatges, comptes, pagaments ni enllaços nous. Els altres dominis continuen sense validar."
215,SEO Ideas!A215:D215,1.13,https://www.estudidentalcarrera.com/,carrera clinica,Keyword assigned to the current page produce higher rankings for other page. You may try to optimize these higher ranking page for the given keyword instead: position 1 page https://www.estudidentalcarrera.com/es/,assignacio_keyword,reassignacio_confirmada,Reassignació confirmada de / a /es/ per a «carrera clinica». La portada en castellà concentra la intenció de marca en la campanya; el modal i la taula desats conserven les cinc keywords anteriors.,"es/index.html (document estàtic), title: Clínica dental en Lleida y Tremp | Estudi Dental | Semrush 16/09/2026, readback de l’agent principal: modal /es/ desat amb 11 keywords, les 6 noves de marca i les 5 preexistents preservades; taula /es/ mostra carrera clinica, 10 més, en recopilació.",https://www.estudidentalcarrera.com/es/,confirmada_readback_semrush,"Esperar la recopilació i revisar l’avís original sobre /es/. Aquesta confirmació acredita l’assignació; no implica canviar el H1 de marca, tancar l’avís ni millorar posicions."
216,SEO Ideas!A216:D216,1.13,https://www.estudidentalcarrera.com/,carrera clinica,You may increase your click-through rate if you add an aggregate rating to this page <using the Physician markup code>.,estrelles_ressenyes,no_aplica,"No s’afegeix AggregateRating de ressenyes pròpies a Dentist/Physician. Google exclou les estrelles de ressenyes autocontrolades per empreses/organitzacions, també amb widgets de tercers.","https://developers.google.com/search/docs/appearance/structured-data/review-snippet#guidelines | Semrush 16/09/2026, readback de l’agent principal: modal /es/ desat amb 11 keywords, les 6 noves de marca i les 5 preexistents preservades; taula /es/ mostra carrera clinica, 10 més, en recopilació.",https://www.estudidentalcarrera.com/es/,confirmada_readback_semrush,Cap marcatge afegit; es preserven les ressenyes visibles existents.
217,SEO Ideas!A217:D217,1.13,https://www.estudidentalcarrera.com/,dentistes a lleida,Your page’s `body` tag does not contain your target keyword. Try to add this keyword to your page’s body.,body,reassignacio_confirmada,"Reassignació confirmada de / a /clinica-dental-lleida.html per a «dentistes a lleida», amb lectura de la taula després de desar. La landing local correspon a la ciutat i l’idioma de la consulta; la reanàlisi de l’avís original continua pendent.","data/landing-pages.js (ca-lleida), title: Clínica dental a Lleida | Estudi Dental Carrera | Semrush 16/09/2026, readback de l’agent principal: /clinica-dental-lleida.html. Taula posterior a desar: dentistes a lleida + 1 més, 2 keywords.",https://www.estudidentalcarrera.com/clinica-dental-lleida.html,confirmada_readback_semrush,Revisar els avisos actualitzats a la landing correcta quan acabi la recopilació. No es declara una millora de posicions ni el compliment literal de tots els suggeriments.
218,SEO Ideas!A218:D218,1.13,https://www.estudidentalcarrera.com/,dentistes a lleida,Your `H1` tag does not contain your target keyword. Try to add this keyword to your `H1` tag.,H1,reassignacio_confirmada,"Reassignació confirmada de / a /clinica-dental-lleida.html per a «dentistes a lleida», amb lectura de la taula després de desar. La landing local correspon a la ciutat i l’idioma de la consulta; la reanàlisi de l’avís original continua pendent.","data/landing-pages.js (ca-lleida), title: Clínica dental a Lleida | Estudi Dental Carrera | Semrush 16/09/2026, readback de l’agent principal: /clinica-dental-lleida.html. Taula posterior a desar: dentistes a lleida + 1 més, 2 keywords.",https://www.estudidentalcarrera.com/clinica-dental-lleida.html,confirmada_readback_semrush,Revisar els avisos actualitzats a la landing correcta quan acabi la recopilació. No es declara una millora de posicions ni el compliment literal de tots els suggeriments.
219,SEO Ideas!A219:D219,1.13,https://www.estudidentalcarrera.com/,dentistes a lleida,Your `title` page tag does not contain your target keyword. Try to add this keyword to your page `title` tag.,title,reassignacio_confirmada,"Reassignació confirmada de / a /clinica-dental-lleida.html per a «dentistes a lleida», amb lectura de la taula després de desar. La landing local correspon a la ciutat i l’idioma de la consulta; la reanàlisi de l’avís original continua pendent.","data/landing-pages.js (ca-lleida), title: Clínica dental a Lleida | Estudi Dental Carrera | Semrush 16/09/2026, readback de l’agent principal: /clinica-dental-lleida.html. Taula posterior a desar: dentistes a lleida + 1 més, 2 keywords.",https://www.estudidentalcarrera.com/clinica-dental-lleida.html,confirmada_readback_semrush,Revisar els avisos actualitzats a la landing correcta quan acabi la recopilació. No es declara una millora de posicions ni el compliment literal de tots els suggeriments.
220,SEO Ideas!A220:D220,1.13,https://www.estudidentalcarrera.com/,dentistes a lleida,Your page’s meta description does not contain your target keyword. Try to add this keyword to your page `meta` tag.,meta_description,reassignacio_confirmada,"Reassignació confirmada de / a /clinica-dental-lleida.html per a «dentistes a lleida», amb lectura de la taula després de desar. La landing local correspon a la ciutat i l’idioma de la consulta; la reanàlisi de l’avís original continua pendent.","data/landing-pages.js (ca-lleida), title: Clínica dental a Lleida | Estudi Dental Carrera | Semrush 16/09/2026, readback de l’agent principal: /clinica-dental-lleida.html. Taula posterior a desar: dentistes a lleida + 1 més, 2 keywords.",https://www.estudidentalcarrera.com/clinica-dental-lleida.html,confirmada_readback_semrush,Revisar els avisos actualitzats a la landing correcta quan acabi la recopilació. No es declara una millora de posicions ni el compliment literal de tots els suggeriments.
221,SEO Ideas!A221:D221,1.13,https://www.estudidentalcarrera.com/,dentistes a lleida,"Try to acquire backlinks from the following domains: accio.com, latipo.cat, docfav.com, abadendentistas.com, bedentalexpert.com, gowork.com, mitjalleida.com, cursabomberslleida.com, poidata.io, nomas900.org",backlinks,pendent_extern,"Candidats externs de l’Excel, sense adquisició ni alta feta: accio.com, latipo.cat, docfav.com, abadendentistas.com, bedentalexpert.com, gowork.com, mitjalleida.com, cursabomberslleida.com, poidata.io, nomas900.org. Cal verificar pàgina concreta, pertinència i possibilitat d’actualitzar una fitxa existent abans de contactar.","docs/seo-onpage-2026-09-16/backlink-opportunities.md (només QDQ, Docfav i TotLleida tenen revisió puntual) | Semrush 16/09/2026, readback de l’agent principal: /clinica-dental-lleida.html. Taula posterior a desar: dentistes a lleida + 1 més, 2 keywords.",https://www.estudidentalcarrera.com/clinica-dental-lleida.html,confirmada_readback_semrush,"Sense missatges, comptes, pagaments ni enllaços nous. Els altres dominis continuen sense validar."
222,SEO Ideas!A222:D222,1.13,https://www.estudidentalcarrera.com/,dentistes a lleida,You may increase your click-through rate if you add an aggregate rating to this page <using the Physician markup code>.,estrelles_ressenyes,no_aplica,"No s’afegeix AggregateRating de ressenyes pròpies a Dentist/Physician. Google exclou les estrelles de ressenyes autocontrolades per empreses/organitzacions, també amb widgets de tercers.","https://developers.google.com/search/docs/appearance/structured-data/review-snippet#guidelines | Semrush 16/09/2026, readback de l’agent principal: /clinica-dental-lleida.html. Taula posterior a desar: dentistes a lleida + 1 més, 2 keywords.",https://www.estudidentalcarrera.com/clinica-dental-lleida.html,confirmada_readback_semrush,Cap marcatge afegit; es preserven les ressenyes visibles existents.
223,SEO Ideas!A223:D223,1.13,https://www.estudidentalcarrera.com/,clinica carrera lleida,Your `H1` tag does not contain your target keyword. Try to add this keyword to your `H1` tag.,H1,reassignacio_confirmada,Reassignació confirmada de / a /es/ per a «clinica carrera lleida». La portada en castellà concentra la intenció de marca en la campanya; el modal i la taula desats conserven les cinc keywords anteriors.,"es/index.html (document estàtic), title: Clínica dental en Lleida y Tremp | Estudi Dental | Semrush 16/09/2026, readback de l’agent principal: modal /es/ desat amb 11 keywords, les 6 noves de marca i les 5 preexistents preservades; taula /es/ mostra carrera clinica, 10 més, en recopilació.",https://www.estudidentalcarrera.com/es/,confirmada_readback_semrush,"Esperar la recopilació i revisar l’avís original sobre /es/. Aquesta confirmació acredita l’assignació; no implica canviar el H1 de marca, tancar l’avís ni millorar posicions."
224,SEO Ideas!A224:D224,1.13,https://www.estudidentalcarrera.com/,clinica carrera lleida,Your `title` page tag does not contain your target keyword. Try to add this keyword to your page `title` tag.,title,reassignacio_confirmada,Reassignació confirmada de / a /es/ per a «clinica carrera lleida». La portada en castellà concentra la intenció de marca en la campanya; el modal i la taula desats conserven les cinc keywords anteriors.,"es/index.html (document estàtic), title: Clínica dental en Lleida y Tremp | Estudi Dental | Semrush 16/09/2026, readback de l’agent principal: modal /es/ desat amb 11 keywords, les 6 noves de marca i les 5 preexistents preservades; taula /es/ mostra carrera clinica, 10 més, en recopilació.",https://www.estudidentalcarrera.com/es/,confirmada_readback_semrush,"Esperar la recopilació i revisar l’avís original sobre /es/. Aquesta confirmació acredita l’assignació; no implica canviar el H1 de marca, tancar l’avís ni millorar posicions."
225,SEO Ideas!A225:D225,1.13,https://www.estudidentalcarrera.com/,clinica carrera lleida,Keyword assigned to the current page produce higher rankings for other page. You may try to optimize these higher ranking page for the given keyword instead: position 1 page https://www.estudidentalcarrera.com/es/,assignacio_keyword,reassignacio_confirmada,Reassignació confirmada de / a /es/ per a «clinica carrera lleida». La portada en castellà concentra la intenció de marca en la campanya; el modal i la taula desats conserven les cinc keywords anteriors.,"es/index.html (document estàtic), title: Clínica dental en Lleida y Tremp | Estudi Dental | Semrush 16/09/2026, readback de l’agent principal: modal /es/ desat amb 11 keywords, les 6 noves de marca i les 5 preexistents preservades; taula /es/ mostra carrera clinica, 10 més, en recopilació.",https://www.estudidentalcarrera.com/es/,confirmada_readback_semrush,"Esperar la recopilació i revisar l’avís original sobre /es/. Aquesta confirmació acredita l’assignació; no implica canviar el H1 de marca, tancar l’avís ni millorar posicions."
226,SEO Ideas!A226:D226,1.13,https://www.estudidentalcarrera.com/,clinica carrera lleida,You may increase your click-through rate if you add an aggregate rating to this page <using the Physician markup code>.,estrelles_ressenyes,no_aplica,"No s’afegeix AggregateRating de ressenyes pròpies a Dentist/Physician. Google exclou les estrelles de ressenyes autocontrolades per empreses/organitzacions, també amb widgets de tercers.","https://developers.google.com/search/docs/appearance/structured-data/review-snippet#guidelines | Semrush 16/09/2026, readback de l’agent principal: modal /es/ desat amb 11 keywords, les 6 noves de marca i les 5 preexistents preservades; taula /es/ mostra carrera clinica, 10 més, en recopilació.",https://www.estudidentalcarrera.com/es/,confirmada_readback_semrush,Cap marcatge afegit; es preserven les ressenyes visibles existents.
227,SEO Ideas!A227:D227,1.13,https://www.estudidentalcarrera.com/,clinica carrera,Your page’s `body` tag does not contain your target keyword. Try to add this keyword to your page’s body.,body,reassignacio_confirmada,Reassignació confirmada de / a /es/ per a «clinica carrera». La portada en castellà concentra la intenció de marca en la campanya; el modal i la taula desats conserven les cinc keywords anteriors.,"es/index.html (document estàtic), title: Clínica dental en Lleida y Tremp | Estudi Dental | Semrush 16/09/2026, readback de l’agent principal: modal /es/ desat amb 11 keywords, les 6 noves de marca i les 5 preexistents preservades; taula /es/ mostra carrera clinica, 10 més, en recopilació.",https://www.estudidentalcarrera.com/es/,confirmada_readback_semrush,"Esperar la recopilació i revisar l’avís original sobre /es/. Aquesta confirmació acredita l’assignació; no implica canviar el H1 de marca, tancar l’avís ni millorar posicions."
228,SEO Ideas!A228:D228,1.13,https://www.estudidentalcarrera.com/,clinica carrera,Your `H1` tag does not contain your target keyword. Try to add this keyword to your `H1` tag.,H1,reassignacio_confirmada,Reassignació confirmada de / a /es/ per a «clinica carrera». La portada en castellà concentra la intenció de marca en la campanya; el modal i la taula desats conserven les cinc keywords anteriors.,"es/index.html (document estàtic), title: Clínica dental en Lleida y Tremp | Estudi Dental | Semrush 16/09/2026, readback de l’agent principal: modal /es/ desat amb 11 keywords, les 6 noves de marca i les 5 preexistents preservades; taula /es/ mostra carrera clinica, 10 més, en recopilació.",https://www.estudidentalcarrera.com/es/,confirmada_readback_semrush,"Esperar la recopilació i revisar l’avís original sobre /es/. Aquesta confirmació acredita l’assignació; no implica canviar el H1 de marca, tancar l’avís ni millorar posicions."
229,SEO Ideas!A229:D229,1.13,https://www.estudidentalcarrera.com/,clinica carrera,Your `title` page tag does not contain your target keyword. Try to add this keyword to your page `title` tag.,title,reassignacio_confirmada,Reassignació confirmada de / a /es/ per a «clinica carrera». La portada en castellà concentra la intenció de marca en la campanya; el modal i la taula desats conserven les cinc keywords anteriors.,"es/index.html (document estàtic), title: Clínica dental en Lleida y Tremp | Estudi Dental | Semrush 16/09/2026, readback de l’agent principal: modal /es/ desat amb 11 keywords, les 6 noves de marca i les 5 preexistents preservades; taula /es/ mostra carrera clinica, 10 més, en recopilació.",https://www.estudidentalcarrera.com/es/,confirmada_readback_semrush,"Esperar la recopilació i revisar l’avís original sobre /es/. Aquesta confirmació acredita l’assignació; no implica canviar el H1 de marca, tancar l’avís ni millorar posicions."
230,SEO Ideas!A230:D230,1.13,https://www.estudidentalcarrera.com/,clinica carrera,"Try to acquire backlinks from the following domains: abcmedico.cl, medicinavip.com, gowork.com, interclinica.cl, paxinasgalegas.es, linkcentre.com, yahoo.com",backlinks,pendent_extern,"Candidats externs de l’Excel, sense adquisició ni alta feta: abcmedico.cl, medicinavip.com, gowork.com, interclinica.cl, paxinasgalegas.es, linkcentre.com, yahoo.com. Cal verificar pàgina concreta, pertinència i possibilitat d’actualitzar una fitxa existent abans de contactar. El paquet inclou entitats homònimes/altres mercats; no es considera una llista de captació aprovada.","docs/seo-onpage-2026-09-16/backlink-opportunities.md (només QDQ, Docfav i TotLleida tenen revisió puntual) | Semrush 16/09/2026, readback de l’agent principal: modal /es/ desat amb 11 keywords, les 6 noves de marca i les 5 preexistents preservades; taula /es/ mostra carrera clinica, 10 més, en recopilació.",https://www.estudidentalcarrera.com/es/,confirmada_readback_semrush,"Sense missatges, comptes, pagaments ni enllaços nous. Els altres dominis continuen sense validar."
231,SEO Ideas!A231:D231,1.13,https://www.estudidentalcarrera.com/,clinica carrera,Keyword assigned to the current page produce higher rankings for other page. You may try to optimize these higher ranking page for the given keyword instead: position 1 page https://www.estudidentalcarrera.com/es/,assignacio_keyword,reassignacio_confirmada,Reassignació confirmada de / a /es/ per a «clinica carrera». La portada en castellà concentra la intenció de marca en la campanya; el modal i la taula desats conserven les cinc keywords anteriors.,"es/index.html (document estàtic), title: Clínica dental en Lleida y Tremp | Estudi Dental | Semrush 16/09/2026, readback de l’agent principal: modal /es/ desat amb 11 keywords, les 6 noves de marca i les 5 preexistents preservades; taula /es/ mostra carrera clinica, 10 més, en recopilació.",https://www.estudidentalcarrera.com/es/,confirmada_readback_semrush,"Esperar la recopilació i revisar l’avís original sobre /es/. Aquesta confirmació acredita l’assignació; no implica canviar el H1 de marca, tancar l’avís ni millorar posicions."
232,SEO Ideas!A232:D232,1.13,https://www.estudidentalcarrera.com/,clinica carrera,You may increase your click-through rate if you add an aggregate rating to this page <using the Physician markup code>.,estrelles_ressenyes,no_aplica,"No s’afegeix AggregateRating de ressenyes pròpies a Dentist/Physician. Google exclou les estrelles de ressenyes autocontrolades per empreses/organitzacions, també amb widgets de tercers.","https://developers.google.com/search/docs/appearance/structured-data/review-snippet#guidelines | Semrush 16/09/2026, readback de l’agent principal: modal /es/ desat amb 11 keywords, les 6 noves de marca i les 5 preexistents preservades; taula /es/ mostra carrera clinica, 10 més, en recopilació.",https://www.estudidentalcarrera.com/es/,confirmada_readback_semrush,Cap marcatge afegit; es preserven les ressenyes visibles existents.
233,SEO Ideas!A233:D233,1.13,https://www.estudidentalcarrera.com/,dentista perera lleida,Your `H1` tag does not contain your target keyword. Try to add this keyword to your `H1` tag.,H1,no_aplica,"Keyword de competidor o d’una ubicació aliena: dentista perera lleida. No s’adapta el web de Carrera per presentar una altra clínica, professional o ciutat.",Excel SEO Ideas!C233:D233; equip.html; data/clinics.js,,no_es_reassigna_ni_selimina_historial,No s’ha eliminat cap keyword ni historial de Semrush.
234,SEO Ideas!A234:D234,1.13,https://www.estudidentalcarrera.com/,dentista perera lleida,Your `title` page tag does not contain your target keyword. Try to add this keyword to your page `title` tag.,title,no_aplica,"Keyword de competidor o d’una ubicació aliena: dentista perera lleida. No s’adapta el web de Carrera per presentar una altra clínica, professional o ciutat.",Excel SEO Ideas!C234:D234; equip.html; data/clinics.js,,no_es_reassigna_ni_selimina_historial,No s’ha eliminat cap keyword ni historial de Semrush.
235,SEO Ideas!A235:D235,1.13,https://www.estudidentalcarrera.com/,dentista perera lleida,"Try to acquire backlinks from the following domains: abadendentistas.com, docfav.com, ortodonciaperera.com",backlinks,no_aplica,"Keyword de competidor o d’una ubicació aliena: dentista perera lleida. No s’adapta el web de Carrera per presentar una altra clínica, professional o ciutat.",Excel SEO Ideas!C235:D235; equip.html; data/clinics.js,,no_es_reassigna_ni_selimina_historial,No s’ha eliminat cap keyword ni historial de Semrush.
236,SEO Ideas!A236:D236,1.13,https://www.estudidentalcarrera.com/,dentista perera lleida,You may increase your click-through rate if you add an aggregate rating to this page <using the Physician markup code>.,estrelles_ressenyes,no_aplica,"No s’afegeix AggregateRating de ressenyes pròpies a Dentist/Physician. Google exclou les estrelles de ressenyes autocontrolades per empreses/organitzacions, també amb widgets de tercers.",https://developers.google.com/search/docs/appearance/structured-data/review-snippet#guidelines,https://www.estudidentalcarrera.com/,sense_canvi_proposat,Cap marcatge afegit; es preserven les ressenyes visibles existents.
237,SEO Ideas!A237:D237,0.51,https://www.estudidentalcarrera.com/es/servicios.html,cirugia periodontal en lleida,Your `H1` tag does not contain your target keyword. Try to add this keyword to your `H1` tag.,H1,reassignacio_confirmada,Reassignació confirmada de /es/servicios.html a /es/periodoncia-endodoncia.html per a «cirugia periodontal en lleida». Es corregeix la destinació de la keyword que generava aquest suggeriment; no s’afirma que Semrush hagi retirat l’avís original.,"data/landing-pages.js (es-perio), title: Periodoncia y endodoncia en Lleida y Tremp | Estudi Dental | Semrush On Page SEO Checker, 16/09/2026: readback de l’agent principal després de desar; etiqueta exacta «cirugia periodontal en lleida» a /es/periodoncia-endodoncia.html. La destinació ha passat de 3 a 5 keywords amb periodoncia en lleida i cirugia periodontal en lleida.",https://www.estudidentalcarrera.com/es/periodoncia-endodoncia.html,confirmada_readback_semrush,"Nova anàlisi de la URL de destinació i revisió de l’avís original. La confirmació acredita l’assignació, no una millora de posicions ni el compliment literal de tots els camps."
238,SEO Ideas!A238:D238,0.51,https://www.estudidentalcarrera.com/es/servicios.html,cirugia periodontal en lleida,Your `title` page tag does not contain your target keyword. Try to add this keyword to your page `title` tag.,title,reassignacio_confirmada,Reassignació confirmada de /es/servicios.html a /es/periodoncia-endodoncia.html per a «cirugia periodontal en lleida». Es corregeix la destinació de la keyword que generava aquest suggeriment; no s’afirma que Semrush hagi retirat l’avís original.,"data/landing-pages.js (es-perio), title: Periodoncia y endodoncia en Lleida y Tremp | Estudi Dental | Semrush On Page SEO Checker, 16/09/2026: readback de l’agent principal després de desar; etiqueta exacta «cirugia periodontal en lleida» a /es/periodoncia-endodoncia.html. La destinació ha passat de 3 a 5 keywords amb periodoncia en lleida i cirugia periodontal en lleida.",https://www.estudidentalcarrera.com/es/periodoncia-endodoncia.html,confirmada_readback_semrush,"Nova anàlisi de la URL de destinació i revisió de l’avís original. La confirmació acredita l’assignació, no una millora de posicions ni el compliment literal de tots els camps."
239,SEO Ideas!A239:D239,0.51,https://www.estudidentalcarrera.com/es/servicios.html,cirugia periodontal en lleida,"Compared to your rivals, some related words are not present in your page’s content. Try to enrich your page’s content with the following semantically related words: `clínica dental`, `enfermedades periodontales`, `enfermedad periodontal`, `tratamiento de periodoncia`",semantica,reassignacio_confirmada,Reassignació confirmada de /es/servicios.html a /es/periodoncia-endodoncia.html per a «cirugia periodontal en lleida». Es corregeix la destinació de la keyword que generava aquest suggeriment; no s’afirma que Semrush hagi retirat l’avís original.,"data/landing-pages.js (es-perio), title: Periodoncia y endodoncia en Lleida y Tremp | Estudi Dental | Semrush On Page SEO Checker, 16/09/2026: readback de l’agent principal després de desar; etiqueta exacta «cirugia periodontal en lleida» a /es/periodoncia-endodoncia.html. La destinació ha passat de 3 a 5 keywords amb periodoncia en lleida i cirugia periodontal en lleida.",https://www.estudidentalcarrera.com/es/periodoncia-endodoncia.html,confirmada_readback_semrush,"Nova anàlisi de la URL de destinació i revisió de l’avís original. La confirmació acredita l’assignació, no una millora de posicions ni el compliment literal de tots els camps."
240,SEO Ideas!A240:D240,0.51,https://www.estudidentalcarrera.com/es/servicios.html,cirugia periodontal en lleida,"Try to acquire backlinks from the following domains: qdq.com, totlleida.cat",backlinks,pendent_extern,"Candidats externs de l’Excel, sense adquisició ni alta feta: qdq.com, totlleida.cat. Cal verificar pàgina concreta, pertinència i possibilitat d’actualitzar una fitxa existent abans de contactar.","docs/seo-onpage-2026-09-16/backlink-opportunities.md (només QDQ, Docfav i TotLleida tenen revisió puntual) | Semrush On Page SEO Checker, 16/09/2026: readback de l’agent principal després de desar; etiqueta exacta «cirugia periodontal en lleida» a /es/periodoncia-endodoncia.html. La destinació ha passat de 3 a 5 keywords amb periodoncia en lleida i cirugia periodontal en lleida.",https://www.estudidentalcarrera.com/es/periodoncia-endodoncia.html,confirmada_readback_semrush,"Sense missatges, comptes, pagaments ni enllaços nous. Els altres dominis continuen sense validar."
241,SEO Ideas!A241:D241,0.51,https://www.estudidentalcarrera.com/es/servicios.html,cirugia periodontal en lleida,You may increase your click-through rate if you add an aggregate rating to this page <using the Physician markup code>.,estrelles_ressenyes,no_aplica,"No s’afegeix AggregateRating de ressenyes pròpies a Dentist/Physician. Google exclou les estrelles de ressenyes autocontrolades per empreses/organitzacions, també amb widgets de tercers.","https://developers.google.com/search/docs/appearance/structured-data/review-snippet#guidelines | Semrush On Page SEO Checker, 16/09/2026: readback de l’agent principal després de desar; etiqueta exacta «cirugia periodontal en lleida» a /es/periodoncia-endodoncia.html. La destinació ha passat de 3 a 5 keywords amb periodoncia en lleida i cirugia periodontal en lleida.",https://www.estudidentalcarrera.com/es/periodoncia-endodoncia.html,confirmada_readback_semrush,Cap marcatge afegit; es preserven les ressenyes visibles existents.
242,SEO Ideas!A242:D242,1.14,https://www.estudidentalcarrera.com/es/equipo.html,dentista qui,Your `H1` tag does not contain your target keyword. Try to add this keyword to your `H1` tag.,H1,no_aplica,"Keyword de competidor o d’una ubicació aliena: dentista qui. No s’adapta el web de Carrera per presentar una altra clínica, professional o ciutat.",Excel SEO Ideas!C242:D242; equip.html; data/clinics.js,,no_es_reassigna_ni_selimina_historial,No s’ha eliminat cap keyword ni historial de Semrush.
243,SEO Ideas!A243:D243,1.14,https://www.estudidentalcarrera.com/es/equipo.html,dentista qui,Your page’s meta description does not contain your target keyword. Try to add this keyword to your page `meta` tag.,meta_description,no_aplica,"Keyword de competidor o d’una ubicació aliena: dentista qui. No s’adapta el web de Carrera per presentar una altra clínica, professional o ciutat.",Excel SEO Ideas!C243:D243; equip.html; data/clinics.js,,no_es_reassigna_ni_selimina_historial,No s’ha eliminat cap keyword ni historial de Semrush.
244,SEO Ideas!A244:D244,1.14,https://www.estudidentalcarrera.com/es/equipo.html,dentista qui,Try to acquire backlinks from the following domains: docfav.com,backlinks,no_aplica,"Keyword de competidor o d’una ubicació aliena: dentista qui. No s’adapta el web de Carrera per presentar una altra clínica, professional o ciutat.",Excel SEO Ideas!C244:D244; equip.html; data/clinics.js,,no_es_reassigna_ni_selimina_historial,No s’ha eliminat cap keyword ni historial de Semrush.
245,SEO Ideas!A245:D245,1.14,https://www.estudidentalcarrera.com/es/equipo.html,dentista qui,"Compared to your rivals, your text-based content is difficult to read and understand. Try to improve your content's readability.",llegibilitat,no_aplica,"Keyword de competidor o d’una ubicació aliena: dentista qui. No s’adapta el web de Carrera per presentar una altra clínica, professional o ciutat.",Excel SEO Ideas!C245:D245; equip.html; data/clinics.js,,no_es_reassigna_ni_selimina_historial,No s’ha eliminat cap keyword ni historial de Semrush.
246,SEO Ideas!A246:D246,1.14,https://www.estudidentalcarrera.com/es/equipo.html,dentista qui,You may increase your click-through rate if you add an aggregate rating to this page <using the Dentist markup code>.,estrelles_ressenyes,no_aplica,"No s’afegeix AggregateRating de ressenyes pròpies a Dentist/Physician. Google exclou les estrelles de ressenyes autocontrolades per empreses/organitzacions, també amb widgets de tercers.",https://developers.google.com/search/docs/appearance/structured-data/review-snippet#guidelines,https://www.estudidentalcarrera.com/es/equipo.html,sense_canvi_proposat,Cap marcatge afegit; es preserven les ressenyes visibles existents.
247,SEO Ideas!A247:D247,1.14,https://www.estudidentalcarrera.com/es/equipo.html,ramon perera lleida,Your page’s `body` tag does not contain your target keyword. Try to add this keyword to your page’s body.,body,no_aplica,"Keyword de competidor o d’una ubicació aliena: ramon perera lleida. No s’adapta el web de Carrera per presentar una altra clínica, professional o ciutat.",Excel SEO Ideas!C247:D247; equip.html; data/clinics.js,,no_es_reassigna_ni_selimina_historial,No s’ha eliminat cap keyword ni historial de Semrush.
248,SEO Ideas!A248:D248,1.14,https://www.estudidentalcarrera.com/es/equipo.html,ramon perera lleida,Your `H1` tag does not contain your target keyword. Try to add this keyword to your `H1` tag.,H1,no_aplica,"Keyword de competidor o d’una ubicació aliena: ramon perera lleida. No s’adapta el web de Carrera per presentar una altra clínica, professional o ciutat.",Excel SEO Ideas!C248:D248; equip.html; data/clinics.js,,no_es_reassigna_ni_selimina_historial,No s’ha eliminat cap keyword ni historial de Semrush.
249,SEO Ideas!A249:D249,1.14,https://www.estudidentalcarrera.com/es/equipo.html,ramon perera lleida,Your `title` page tag does not contain your target keyword. Try to add this keyword to your page `title` tag.,title,no_aplica,"Keyword de competidor o d’una ubicació aliena: ramon perera lleida. No s’adapta el web de Carrera per presentar una altra clínica, professional o ciutat.",Excel SEO Ideas!C249:D249; equip.html; data/clinics.js,,no_es_reassigna_ni_selimina_historial,No s’ha eliminat cap keyword ni historial de Semrush.
250,SEO Ideas!A250:D250,1.14,https://www.estudidentalcarrera.com/es/equipo.html,ramon perera lleida,"Compared to your rivals, some related words are not present in your page’s content. Try to enrich your page’s content with the following semantically related words: `sistema damon`",semantica,no_aplica,El suggeriment sistema Damon prové d’una keyword del competidor Ramon Perera. No s’ha verificat que Carrera ofereixi aquest sistema i no s’atribueix al servei.,"Excel SEO Ideas!C250:D250; catàleg real data/landing-pages.js, es-ortho",,no_es_reassigna_ni_selimina_historial,Cap implementació prevista per aquest suggeriment.
251,SEO Ideas!A251:D251,1.14,https://www.estudidentalcarrera.com/es/equipo.html,ramon perera lleida,"Try to acquire backlinks from the following domains: abadendentistas.com, docfav.com, ortodonciaperera.com",backlinks,no_aplica,"Keyword de competidor o d’una ubicació aliena: ramon perera lleida. No s’adapta el web de Carrera per presentar una altra clínica, professional o ciutat.",Excel SEO Ideas!C251:D251; equip.html; data/clinics.js,,no_es_reassigna_ni_selimina_historial,No s’ha eliminat cap keyword ni historial de Semrush.
252,SEO Ideas!A252:D252,1.14,https://www.estudidentalcarrera.com/es/equipo.html,ramon perera lleida,"Compared to your rivals, your text-based content is difficult to read and understand. Try to improve your content's readability.",llegibilitat,no_aplica,"Keyword de competidor o d’una ubicació aliena: ramon perera lleida. No s’adapta el web de Carrera per presentar una altra clínica, professional o ciutat.",Excel SEO Ideas!C252:D252; equip.html; data/clinics.js,,no_es_reassigna_ni_selimina_historial,No s’ha eliminat cap keyword ni historial de Semrush.
253,SEO Ideas!A253:D253,1.14,https://www.estudidentalcarrera.com/es/equipo.html,ramon perera lleida,You may increase your click-through rate if you add an aggregate rating to this page <using the Dentist markup code>.,estrelles_ressenyes,no_aplica,"No s’afegeix AggregateRating de ressenyes pròpies a Dentist/Physician. Google exclou les estrelles de ressenyes autocontrolades per empreses/organitzacions, també amb widgets de tercers.",https://developers.google.com/search/docs/appearance/structured-data/review-snippet#guidelines,https://www.estudidentalcarrera.com/es/equipo.html,sense_canvi_proposat,Cap marcatge afegit; es preserven les ressenyes visibles existents.
254,SEO Ideas!A254:D254,1.14,https://www.estudidentalcarrera.com/es/equipo.html,carreras dental,Your page’s `body` tag does not contain your target keyword. Try to add this keyword to your page’s body.,body,no_aplica,"Carreras Dental és la marca exacta d’una clínica de Terrassa, amb web pròpia i adreça al carrer de les Parres, 10. Aquesta evidència no justifica tractar-la com una variant de Carrera Lleida ni reescriure l’equip. No s’afirma predomini en una SERP local de Lleida.","https://carrerasdental.com/es/la-clinica-2/ (font oficial consultada el 16/09/2026: nom Carreras Dental, Terrassa, carrer de les Parres, 10)",,descartada_marca_aliena_historial_preservat,No s’incorpora la marca aliena al contingut ni es reassigna la keyword; historial de Semrush preservat.
255,SEO Ideas!A255:D255,1.14,https://www.estudidentalcarrera.com/es/equipo.html,carreras dental,Your `H1` tag does not contain your target keyword. Try to add this keyword to your `H1` tag.,H1,no_aplica,"Carreras Dental és la marca exacta d’una clínica de Terrassa, amb web pròpia i adreça al carrer de les Parres, 10. Aquesta evidència no justifica tractar-la com una variant de Carrera Lleida ni reescriure l’equip. No s’afirma predomini en una SERP local de Lleida.","https://carrerasdental.com/es/la-clinica-2/ (font oficial consultada el 16/09/2026: nom Carreras Dental, Terrassa, carrer de les Parres, 10)",,descartada_marca_aliena_historial_preservat,No s’incorpora la marca aliena al contingut ni es reassigna la keyword; historial de Semrush preservat.
256,SEO Ideas!A256:D256,1.14,https://www.estudidentalcarrera.com/es/equipo.html,carreras dental,Your `title` page tag does not contain your target keyword. Try to add this keyword to your page `title` tag.,title,no_aplica,"Carreras Dental és la marca exacta d’una clínica de Terrassa, amb web pròpia i adreça al carrer de les Parres, 10. Aquesta evidència no justifica tractar-la com una variant de Carrera Lleida ni reescriure l’equip. No s’afirma predomini en una SERP local de Lleida.","https://carrerasdental.com/es/la-clinica-2/ (font oficial consultada el 16/09/2026: nom Carreras Dental, Terrassa, carrer de les Parres, 10)",,descartada_marca_aliena_historial_preservat,No s’incorpora la marca aliena al contingut ni es reassigna la keyword; historial de Semrush preservat.
257,SEO Ideas!A257:D257,1.14,https://www.estudidentalcarrera.com/es/equipo.html,carreras dental,Your page’s meta description does not contain your target keyword. Try to add this keyword to your page `meta` tag.,meta_description,no_aplica,"Carreras Dental és la marca exacta d’una clínica de Terrassa, amb web pròpia i adreça al carrer de les Parres, 10. Aquesta evidència no justifica tractar-la com una variant de Carrera Lleida ni reescriure l’equip. No s’afirma predomini en una SERP local de Lleida.","https://carrerasdental.com/es/la-clinica-2/ (font oficial consultada el 16/09/2026: nom Carreras Dental, Terrassa, carrer de les Parres, 10)",,descartada_marca_aliena_historial_preservat,No s’incorpora la marca aliena al contingut ni es reassigna la keyword; historial de Semrush preservat.
258,SEO Ideas!A258:D258,1.14,https://www.estudidentalcarrera.com/es/equipo.html,carreras dental,Try to acquire backlinks from the following domains: donde-estamos.es,backlinks,pendent_extern,"Candidats externs de l’Excel, sense adquisició ni alta feta: donde-estamos.es. Cal verificar pàgina concreta, pertinència i possibilitat d’actualitzar una fitxa existent abans de contactar.","docs/seo-onpage-2026-09-16/backlink-opportunities.md (només QDQ, Docfav i TotLleida tenen revisió puntual)",,descartada_marca_aliena_historial_preservat,"Sense missatges, comptes, pagaments ni enllaços nous. Els altres dominis continuen sense validar."
259,SEO Ideas!A259:D259,1.14,https://www.estudidentalcarrera.com/es/equipo.html,carreras dental,"Compared to your rivals, your text-based content is difficult to read and understand. Try to improve your content's readability.",llegibilitat,no_aplica,"Carreras Dental és la marca exacta d’una clínica de Terrassa, amb web pròpia i adreça al carrer de les Parres, 10. Aquesta evidència no justifica tractar-la com una variant de Carrera Lleida ni reescriure l’equip. No s’afirma predomini en una SERP local de Lleida.","https://carrerasdental.com/es/la-clinica-2/ (font oficial consultada el 16/09/2026: nom Carreras Dental, Terrassa, carrer de les Parres, 10)",,descartada_marca_aliena_historial_preservat,No s’incorpora la marca aliena al contingut ni es reassigna la keyword; historial de Semrush preservat.
260,SEO Ideas!A260:D260,1.14,https://www.estudidentalcarrera.com/es/equipo.html,carreras dental,You may increase your click-through rate if you add an aggregate rating to this page <using the Dentist markup code>.,estrelles_ressenyes,no_aplica,"No s’afegeix AggregateRating de ressenyes pròpies a Dentist/Physician. Google exclou les estrelles de ressenyes autocontrolades per empreses/organitzacions, també amb widgets de tercers.",https://developers.google.com/search/docs/appearance/structured-data/review-snippet#guidelines,,descartada_marca_aliena_historial_preservat,Cap marcatge afegit; es preserven les ressenyes visibles existents.
261,SEO Ideas!A261:D261,0.60,https://www.estudidentalcarrera.com/clinica-dental-lleida.html,endodòncia a lleida,Your `H1` tag does not contain your target keyword. Try to add this keyword to your `H1` tag.,H1,reassignacio_confirmada,Reassignació confirmada de /clinica-dental-lleida.html a /periodoncia-endodoncia.html per a «endodòncia a lleida». S’ha creat l’assignació de la landing catalana amb les dues keywords d’endodòncia; la recopilació de Semrush encara està en curs.,"data/landing-pages.js (ca-perio), title: Periodòncia i endodòncia a Lleida i Tremp | Estudi Dental | Semrush 16/09/2026, readback de l’agent principal: modal desat amb URL /periodoncia-endodoncia.html i les dues keywords exactes; taula mostra la URL i endodòncia a lleida, 1 més, en recopilació.",https://www.estudidentalcarrera.com/periodoncia-endodoncia.html,confirmada_readback_semrush,"Esperar la recopilació i revisar els avisos a la destinació correcta. La confirmació acredita l’assignació, no posicions ni tancament de l’avís original."
262,SEO Ideas!A262:D262,0.60,https://www.estudidentalcarrera.com/clinica-dental-lleida.html,endodòncia a lleida,Your `title` page tag does not contain your target keyword. Try to add this keyword to your page `title` tag.,title,reassignacio_confirmada,Reassignació confirmada de /clinica-dental-lleida.html a /periodoncia-endodoncia.html per a «endodòncia a lleida». S’ha creat l’assignació de la landing catalana amb les dues keywords d’endodòncia; la recopilació de Semrush encara està en curs.,"data/landing-pages.js (ca-perio), title: Periodòncia i endodòncia a Lleida i Tremp | Estudi Dental | Semrush 16/09/2026, readback de l’agent principal: modal desat amb URL /periodoncia-endodoncia.html i les dues keywords exactes; taula mostra la URL i endodòncia a lleida, 1 més, en recopilació.",https://www.estudidentalcarrera.com/periodoncia-endodoncia.html,confirmada_readback_semrush,"Esperar la recopilació i revisar els avisos a la destinació correcta. La confirmació acredita l’assignació, no posicions ni tancament de l’avís original."
263,SEO Ideas!A263:D263,0.60,https://www.estudidentalcarrera.com/clinica-dental-lleida.html,endodòncia a lleida,Try to acquire backlinks from the following domains: qdq.com,backlinks,pendent_extern,"Candidats externs de l’Excel, sense adquisició ni alta feta: qdq.com. Cal verificar pàgina concreta, pertinència i possibilitat d’actualitzar una fitxa existent abans de contactar.","docs/seo-onpage-2026-09-16/backlink-opportunities.md (només QDQ, Docfav i TotLleida tenen revisió puntual) | Semrush 16/09/2026, readback de l’agent principal: modal desat amb URL /periodoncia-endodoncia.html i les dues keywords exactes; taula mostra la URL i endodòncia a lleida, 1 més, en recopilació.",https://www.estudidentalcarrera.com/periodoncia-endodoncia.html,confirmada_readback_semrush,"Sense missatges, comptes, pagaments ni enllaços nous. Els altres dominis continuen sense validar."
264,SEO Ideas!A264:D264,0.60,https://www.estudidentalcarrera.com/clinica-dental-lleida.html,endodòncia a lleida,You may increase your click-through rate if you add an aggregate rating to this page <using the Physician markup code>.,estrelles_ressenyes,no_aplica,"No s’afegeix AggregateRating de ressenyes pròpies a Dentist/Physician. Google exclou les estrelles de ressenyes autocontrolades per empreses/organitzacions, també amb widgets de tercers.","https://developers.google.com/search/docs/appearance/structured-data/review-snippet#guidelines | Semrush 16/09/2026, readback de l’agent principal: modal desat amb URL /periodoncia-endodoncia.html i les dues keywords exactes; taula mostra la URL i endodòncia a lleida, 1 més, en recopilació.",https://www.estudidentalcarrera.com/periodoncia-endodoncia.html,confirmada_readback_semrush,Cap marcatge afegit; es preserven les ressenyes visibles existents.
265,SEO Ideas!A265:D265,0.60,https://www.estudidentalcarrera.com/clinica-dental-lleida.html,millor clinica dental lleida,Your `H1` tag does not contain your target keyword. Try to add this keyword to your `H1` tag.,H1,no_aplica,No s’afegeix millor com una superioritat clínica no acreditada al H1/title. Es conserva una descripció factual de la clínica de Lleida.,"data/landing-pages.js (ca-lleida), h1: Clínica dental a Lleida amb una mirada integral",https://www.estudidentalcarrera.com/clinica-dental-lleida.html,sense_canvi_proposat,La keyword es pot observar sense convertir-la en una afirmació publicitària.
266,SEO Ideas!A266:D266,0.60,https://www.estudidentalcarrera.com/clinica-dental-lleida.html,millor clinica dental lleida,Your `title` page tag does not contain your target keyword. Try to add this keyword to your page `title` tag.,title,no_aplica,No s’afegeix millor com una superioritat clínica no acreditada al H1/title. Es conserva una descripció factual de la clínica de Lleida.,"data/landing-pages.js (ca-lleida), title: Clínica dental a Lleida | Estudi Dental Carrera",https://www.estudidentalcarrera.com/clinica-dental-lleida.html,sense_canvi_proposat,La keyword es pot observar sense convertir-la en una afirmació publicitària.
267,SEO Ideas!A267:D267,0.60,https://www.estudidentalcarrera.com/clinica-dental-lleida.html,millor clinica dental lleida,"Try to acquire backlinks from the following domains: accio.com, docfav.com, qdq.com, bedentalexpert.com, mitjalleida.com, branemarklleida.com, loottis.com, cursabomberslleida.com",backlinks,pendent_extern,"Candidats externs de l’Excel, sense adquisició ni alta feta: accio.com, docfav.com, qdq.com, bedentalexpert.com, mitjalleida.com, branemarklleida.com, loottis.com, cursabomberslleida.com. Cal verificar pàgina concreta, pertinència i possibilitat d’actualitzar una fitxa existent abans de contactar.","docs/seo-onpage-2026-09-16/backlink-opportunities.md (només QDQ, Docfav i TotLleida tenen revisió puntual)",https://www.estudidentalcarrera.com/clinica-dental-lleida.html,sense_canvi_proposat,"Sense missatges, comptes, pagaments ni enllaços nous. Els altres dominis continuen sense validar."
268,SEO Ideas!A268:D268,0.60,https://www.estudidentalcarrera.com/clinica-dental-lleida.html,millor clinica dental lleida,You may increase your click-through rate if you add an aggregate rating to this page <using the Physician markup code>.,estrelles_ressenyes,no_aplica,"No s’afegeix AggregateRating de ressenyes pròpies a Dentist/Physician. Google exclou les estrelles de ressenyes autocontrolades per empreses/organitzacions, també amb widgets de tercers.",https://developers.google.com/search/docs/appearance/structured-data/review-snippet#guidelines,https://www.estudidentalcarrera.com/clinica-dental-lleida.html,sense_canvi_proposat,Cap marcatge afegit; es preserven les ressenyes visibles existents.
269,SEO Ideas!A269:D269,0.94,https://www.estudidentalcarrera.com/es/estetica-dental.html,estetica dental lleida,"Try to acquire backlinks from the following domains: accio.com, latipo.cat, qdq.com, bedentalexpert.com, mitjalleida.com, branemarklleida.com, loottis.com, cursabomberslleida.com, poidata.io",backlinks,pendent_extern,"Candidats externs de l’Excel, sense adquisició ni alta feta: accio.com, latipo.cat, qdq.com, bedentalexpert.com, mitjalleida.com, branemarklleida.com, loottis.com, cursabomberslleida.com, poidata.io. Cal verificar pàgina concreta, pertinència i possibilitat d’actualitzar una fitxa existent abans de contactar.","docs/seo-onpage-2026-09-16/backlink-opportunities.md (només QDQ, Docfav i TotLleida tenen revisió puntual)",https://www.estudidentalcarrera.com/es/estetica-dental.html,sense_canvi_proposat,"Sense missatges, comptes, pagaments ni enllaços nous. Els altres dominis continuen sense validar."
270,SEO Ideas!A270:D270,0.94,https://www.estudidentalcarrera.com/es/estetica-dental.html,estetica dental lleida,You may increase your click-through rate if you add an aggregate rating to this page <using the Physician markup code>.,estrelles_ressenyes,no_aplica,"No s’afegeix AggregateRating de ressenyes pròpies a Dentist/Physician. Google exclou les estrelles de ressenyes autocontrolades per empreses/organitzacions, també amb widgets de tercers.",https://developers.google.com/search/docs/appearance/structured-data/review-snippet#guidelines,https://www.estudidentalcarrera.com/es/estetica-dental.html,sense_canvi_proposat,Cap marcatge afegit; es preserven les ressenyes visibles existents.
271,SEO Ideas!A271:D271,0.94,https://www.estudidentalcarrera.com/es/estetica-dental.html,carillas dentales en lleida,Your `H1` tag does not contain your target keyword. Try to add this keyword to your `H1` tag.,H1,no_aplica,No es concentra cada keyword secundària al mateix H1/title. Es manté el tema principal de la pàgina i la consulta queda situada en un H2 específic ja existent.,"data/landing-pages.js (es-aesthetic), H2: Carillas dentales en Lleida: composite y cerámica",https://www.estudidentalcarrera.com/es/estetica-dental.html,sense_canvi_proposat,Es conserva la jerarquia; no s’afirma coincidència exacta al H1/title.
272,SEO Ideas!A272:D272,0.94,https://www.estudidentalcarrera.com/es/estetica-dental.html,carillas dentales en lleida,Your `title` page tag does not contain your target keyword. Try to add this keyword to your page `title` tag.,title,ja_cobert_actualment,"El title ja associa carilles, estètica dental i Lleida; la variant exacta no és necessària.","data/landing-pages.js (es-aesthetic), title: Estética dental en Lleida: carillas y blanqueamiento | Carrera",https://www.estudidentalcarrera.com/es/estetica-dental.html,sense_canvi_proposat,Cobertura editorial verificada; no equival a avís tancat per Semrush.
273,SEO Ideas!A273:D273,0.94,https://www.estudidentalcarrera.com/es/estetica-dental.html,carillas dentales en lleida,"Compared to your rivals, your page has a relatively low word count. Try to increase the length of your page content.",extensio,no_aplica,"No s’amplia text només per igualar el recompte dels rivals. El contingut actual ja tracta blanquejament, comparativa composite/ceràmica, preparació, reparació, manteniment i FAQ.","data/landing-pages.js (es-aesthetic), seccions i comparativa; data/service-enrichment.js",https://www.estudidentalcarrera.com/es/estetica-dental.html,sense_canvi_proposat,No s’afirma haver igualat el recompte de Semrush; ampliar només si es detecta un dubte real sense resposta.
274,SEO Ideas!A274:D274,0.94,https://www.estudidentalcarrera.com/es/estetica-dental.html,carillas dentales en lleida,You may increase your click-through rate if you add an aggregate rating to this page <using the Physician markup code>.,estrelles_ressenyes,no_aplica,"No s’afegeix AggregateRating de ressenyes pròpies a Dentist/Physician. Google exclou les estrelles de ressenyes autocontrolades per empreses/organitzacions, també amb widgets de tercers.",https://developers.google.com/search/docs/appearance/structured-data/review-snippet#guidelines,https://www.estudidentalcarrera.com/es/estetica-dental.html,sense_canvi_proposat,Cap marcatge afegit; es preserven les ressenyes visibles existents.
275,SEO Ideas!A275:D275,0.94,https://www.estudidentalcarrera.com/es/estetica-dental.html,blanqueamiento dental lleida,Your `H1` tag does not contain your target keyword. Try to add this keyword to your `H1` tag.,H1,no_aplica,No es concentra cada keyword secundària al mateix H1/title. Es manté el tema principal de la pàgina i la consulta queda situada en un H2 específic ja existent.,"data/landing-pages.js (es-aesthetic), H2: Blanqueamiento dental en Lleida: qué puede cambiar",https://www.estudidentalcarrera.com/es/estetica-dental.html,sense_canvi_proposat,Es conserva la jerarquia; no s’afirma coincidència exacta al H1/title.
276,SEO Ideas!A276:D276,0.94,https://www.estudidentalcarrera.com/es/estetica-dental.html,blanqueamiento dental lleida,Your `title` page tag does not contain your target keyword. Try to add this keyword to your page `title` tag.,title,ja_cobert_actualment,El title ja inclou blanqueamiento dins estètica dental a Lleida; no cal repetir tots els termes de la keyword.,"data/landing-pages.js (es-aesthetic), title: Estética dental en Lleida: carillas y blanqueamiento | Carrera",https://www.estudidentalcarrera.com/es/estetica-dental.html,sense_canvi_proposat,Cobertura editorial verificada; no equival a avís tancat per Semrush.
277,SEO Ideas!A277:D277,0.94,https://www.estudidentalcarrera.com/es/estetica-dental.html,blanqueamiento dental lleida,Your page’s meta description does not contain your target keyword. Try to add this keyword to your page `meta` tag.,meta_description,aplicat_ara,La meta d’estètica incorpora explícitament blanqueamiento dental.,"data/landing-pages.js (es-aesthetic), description: Estética dental en Lleida y Tremp: blanqueamiento dental, carillas y composite. Valoramos dientes, encías y mordida antes de proponer cambios.; publicat a cf647af559624ca7710fe825935fcf5e0d80b093, Vercel dpl_Wps2Qnpeh1xw3yKXnSDNZ7iSu8zN READY production; comprovació pública de metadades coincident, 16/09/2026",https://www.estudidentalcarrera.com/es/estetica-dental.html,sense_canvi_proposat,Nova lectura de Semrush pendent; el canvi ja està publicat i comprovat al web.
278,SEO Ideas!A278:D278,0.94,https://www.estudidentalcarrera.com/es/estetica-dental.html,blanqueamiento dental lleida,"Try to acquire backlinks from the following domains: totlleida.cat, odontologiaactual.com",backlinks,pendent_extern,"Candidats externs de l’Excel, sense adquisició ni alta feta: totlleida.cat, odontologiaactual.com. Cal verificar pàgina concreta, pertinència i possibilitat d’actualitzar una fitxa existent abans de contactar.","docs/seo-onpage-2026-09-16/backlink-opportunities.md (només QDQ, Docfav i TotLleida tenen revisió puntual)",https://www.estudidentalcarrera.com/es/estetica-dental.html,sense_canvi_proposat,"Sense missatges, comptes, pagaments ni enllaços nous. Els altres dominis continuen sense validar."
279,SEO Ideas!A279:D279,0.94,https://www.estudidentalcarrera.com/es/estetica-dental.html,blanqueamiento dental lleida,You may increase your click-through rate if you add an aggregate rating to this page <using the Physician markup code>.,estrelles_ressenyes,no_aplica,"No s’afegeix AggregateRating de ressenyes pròpies a Dentist/Physician. Google exclou les estrelles de ressenyes autocontrolades per empreses/organitzacions, també amb widgets de tercers.",https://developers.google.com/search/docs/appearance/structured-data/review-snippet#guidelines,https://www.estudidentalcarrera.com/es/estetica-dental.html,sense_canvi_proposat,Cap marcatge afegit; es preserven les ressenyes visibles existents.
280,SEO Ideas!A280:D280,0.62,https://www.estudidentalcarrera.com/estetica-dental.html,endodòncia lleida,Your `H1` tag does not contain your target keyword. Try to add this keyword to your `H1` tag.,H1,reassignacio_confirmada,Reassignació confirmada de /estetica-dental.html a /periodoncia-endodoncia.html per a «endodòncia lleida». S’ha creat l’assignació de la landing catalana amb les dues keywords d’endodòncia; la recopilació de Semrush encara està en curs.,"data/landing-pages.js (ca-perio), title: Periodòncia i endodòncia a Lleida i Tremp | Estudi Dental | Semrush 16/09/2026, readback de l’agent principal: modal desat amb URL /periodoncia-endodoncia.html i les dues keywords exactes; taula mostra la URL i endodòncia a lleida, 1 més, en recopilació.",https://www.estudidentalcarrera.com/periodoncia-endodoncia.html,confirmada_readback_semrush,"Esperar la recopilació i revisar els avisos a la destinació correcta. La confirmació acredita l’assignació, no posicions ni tancament de l’avís original."
281,SEO Ideas!A281:D281,0.62,https://www.estudidentalcarrera.com/estetica-dental.html,endodòncia lleida,Your `title` page tag does not contain your target keyword. Try to add this keyword to your page `title` tag.,title,reassignacio_confirmada,Reassignació confirmada de /estetica-dental.html a /periodoncia-endodoncia.html per a «endodòncia lleida». S’ha creat l’assignació de la landing catalana amb les dues keywords d’endodòncia; la recopilació de Semrush encara està en curs.,"data/landing-pages.js (ca-perio), title: Periodòncia i endodòncia a Lleida i Tremp | Estudi Dental | Semrush 16/09/2026, readback de l’agent principal: modal desat amb URL /periodoncia-endodoncia.html i les dues keywords exactes; taula mostra la URL i endodòncia a lleida, 1 més, en recopilació.",https://www.estudidentalcarrera.com/periodoncia-endodoncia.html,confirmada_readback_semrush,"Esperar la recopilació i revisar els avisos a la destinació correcta. La confirmació acredita l’assignació, no posicions ni tancament de l’avís original."
282,SEO Ideas!A282:D282,0.62,https://www.estudidentalcarrera.com/estetica-dental.html,endodòncia lleida,Try to acquire backlinks from the following domains: qdq.com,backlinks,pendent_extern,"Candidats externs de l’Excel, sense adquisició ni alta feta: qdq.com. Cal verificar pàgina concreta, pertinència i possibilitat d’actualitzar una fitxa existent abans de contactar.","docs/seo-onpage-2026-09-16/backlink-opportunities.md (només QDQ, Docfav i TotLleida tenen revisió puntual) | Semrush 16/09/2026, readback de l’agent principal: modal desat amb URL /periodoncia-endodoncia.html i les dues keywords exactes; taula mostra la URL i endodòncia a lleida, 1 més, en recopilació.",https://www.estudidentalcarrera.com/periodoncia-endodoncia.html,confirmada_readback_semrush,"Sense missatges, comptes, pagaments ni enllaços nous. Els altres dominis continuen sense validar."
283,SEO Ideas!A283:D283,0.62,https://www.estudidentalcarrera.com/estetica-dental.html,endodòncia lleida,You may increase your click-through rate if you add an aggregate rating to this page <using the Physician markup code>.,estrelles_ressenyes,no_aplica,"No s’afegeix AggregateRating de ressenyes pròpies a Dentist/Physician. Google exclou les estrelles de ressenyes autocontrolades per empreses/organitzacions, també amb widgets de tercers.","https://developers.google.com/search/docs/appearance/structured-data/review-snippet#guidelines | Semrush 16/09/2026, readback de l’agent principal: modal desat amb URL /periodoncia-endodoncia.html i les dues keywords exactes; taula mostra la URL i endodòncia a lleida, 1 més, en recopilació.",https://www.estudidentalcarrera.com/periodoncia-endodoncia.html,confirmada_readback_semrush,Cap marcatge afegit; es preserven les ressenyes visibles existents.
